Workbook

Sheet Reference
A1: Campaign | B1: Venue | C1: Week Ending Date | D1: Pay Period | E1: Position Type | F1: Position's Base Hourly Pay Rate
A2: Campaign A | B2: Door | C2: 46038 | D2: 46038 | E2: Canvasser | F2: 24
A3: Campaign A | B3: Door | C3: 46045 | D3: 46052 | E3: Canvasser | F3: 24
A4: Campaign A | B4: Door | C4: 46052 | D4: 46052 | E4: Canvasser | F4: 24
A5: Campaign A | B5: Door | C5: 46059 | D5: 46066 | E5: Canvasser | F5: 25
A6: Campaign A | B6: Door | C6: 46066 | D6: 46066 | E6: Canvasser | F6: 25
A7: Campaign A | B7: Door | C7: 46073 | D7: 46080 | E7: Canvasser | F7: 25
A8: Campaign A | B8: Door | C8: 46080 | D8: 46080 | E8: Canvasser | F8: 25
A9: Campaign A | B9: Door | C9: 46038 | D9: 46038 | E9: Team Lead | F9: 26
A10: Campaign A | B10: Door | C10: 46045 | D10: 46052 | E10: Team Lead | F10: 26
A11: Campaign A | B11: Door | C11: 46052 | D11: 46052 | E11: Team Lead | F11: 27
A12: Campaign A | B12: Door | C12: 46059 | D12: 46066 | E12: Team Lead | F12: 27
A13: Campaign A | B13: Door | C13: 46066 | D13: 46066 | E13: Team Lead | F13: 27
... A36: Campaign B | B36: Door | C36: 46080 | D36: 46080 | E36: Team Lead | F36: 26

Sheet Data
A1: Office | B1: Canvass Date | C1: Canvasser | D1: Position | E1: Campaign | F1: Venue | G1: Shift Type | H1: Team Lead | I1: Clock In | J1: Clock Out | K1: Unpaid Break Time (In Mins) | L1: Canvassing Start Time | M1: Canvassing End Time | N1: Total Paid Break Time While Canvassing (In Mins) | O1: Shifts Credited | P1: Knocks | Q1: Week End Date Per Shift | R1: Total Paid Hours | S1: Hourly Rate | T1: Base Pay | U1: Total Canvassing Hours | V1: Total Knocks Per Canvassing Hour | W1: Day Of Week | X1: Friday Or Saturday Bonus | Y1: Pay Period | Z1: Weekly Canvassing Hours | AA1: Weekly Bonus | AB1: Total Pay | AC1: Data Issues
A2: Washington | B2: 46036 | C2: Maya Patel | D2: Canvasser | E2: Campaign A | F2: Door | G2: No Field Time | I2: 0.39583333 | J2: 0.57638889 | K2: 0 | O2: 0 | P2: 0 | Q2: =B2+MOD(6-WEEKDAY(B2,1),7) -> 46038 | R2: =IF(OR(I2="", J2=""),0,(J2-I2)*24-K2/60) -> 4.3333333 | S2: =IFERROR(__xludf.DUMMYFUNCTION("IFERROR( INDEX( FILTER( Reference!$F:$F, Reference!$A:$A = $E2, Reference!$E:$E = $D2, Reference!$C:$C = $Q2),1),""RATE_NOT_FOUND"")"),24.0) -> 24 | T2: =IF($S2="","", S2*R2) -> 104 | U2: =IF(OR(M2="",L2=""),0,(M2-L2)*24-N2/60) -> 0 | V2: =IF(OR(P2=0, G2="No Field Time"),0,P2/U2) -> 0 | W2: =TEXT(B2,"dddd") -> Wednesday | X2: =IF(AND(OR(W2="Friday", W2="Saturday"), V2>=18), 50, 0) -> 0 | Y2: =IFERROR(__xludf.DUMMYFUNCTION("IFERROR( INDEX( FILTER(Reference!$D:$D, Reference!$A:$A=$E2, Reference!$C:$C=$Q2), 1),"""")"),46038.0) -> 46038 | Z2: =SUMIFS( $U:$U, $C:$C, $C2, $Q:$Q, $Q2 ) -> 9.5833333 | AA2: =IF(Z2=0,0, IF(Z2>=LOOKUP(Q2,MinHr_Weekly_Bonus!A:A,MinHr_Weekly_Bonus!B:B), LOOKUP(Q2,MinHr_Weekly_Bonus!A:A,MinHr_Weekly_Bonus!C:C), 0)) -> 0 | AB2: =T2+X2 -> 104 | AC2: =IF(AND(U2<1, V2>100, U2>0),"REVIEW: very high KPH","")
A3: Washington | B3: 46036 | C3: Jordan Williams | D3: Canvasser | E3: Campaign A | F3: Door | G3: No Field Time | I3: 0.39583333 | J3: 0.57638889 | K3: 0 | O3: 0 | P3: 0 | Q3: =B3+MOD(6-WEEKDAY(B3,1),7) -> 46038 | R3: =IF(OR(I3="", J3=""),0,(J3-I3)*24-K3/60) -> 4.3333333 | S3: =IFERROR(__xludf.DUMMYFUNCTION("IFERROR( INDEX( FILTER( Reference!$F:$F, Reference!$A:$A = $E3, Reference!$E:$E = $D3, Reference!$C:$C = $Q3),1),""RATE_NOT_FOUND"")"),24.0) -> 24 | T3: =IF($S3="","", S3*R3) -> 104 | U3: =IF(OR(M3="",L3=""),0,(M3-L3)*24-N3/60) -> 0 | V3: =IF(OR(P3=0, G3="No Field Time"),0,P3/U3) -> 0 | W3: =TEXT(B3,"dddd") -> Wednesday | X3: =IF(AND(OR(W3="Friday", W3="Saturday"), V3>=18), 50, 0) -> 0 | Y3: =IFERROR(__xludf.DUMMYFUNCTION("IFERROR( INDEX( FILTER(Reference!$D:$D, Reference!$A:$A=$E3, Reference!$C:$C=$Q3), 1),"""")"),46038.0) -> 46038 | Z3: =SUMIFS( $U:$U, $C:$C, $C3, $Q:$Q, $Q3 ) -> 9.8333333 | AA3: =IF(Z3=0,0, IF(Z3>=LOOKUP(Q3,MinHr_Weekly_Bonus!A:A,MinHr_Weekly_Bonus!B:B), LOOKUP(Q3,MinHr_Weekly_Bonus!A:A,MinHr_Weekly_Bonus!C:C), 0)) -> 0 | AB3: =T3+X3 -> 104 | AC3: =IF(AND(U3<1, V3>100, U3>0),"REVIEW: very high KPH","")
A4: Washington | B4: 46036 | C4: Carlos Ramirez | D4: Canvasser | E4: Campaign A | F4: Door | G4: No Field Time | I4: 0.39583333 | J4: 0.57638889 | K4: 0 | O4: 0 | P4: 0 | Q4: =B4+MOD(6-WEEKDAY(B4,1),7) -> 46038 | R4: =IF(OR(I4="", J4=""),0,(J4-I4)*24-K4/60) -> 4.3333333 | S4: =IFERROR(__xludf.DUMMYFUNCTION("IFERROR( INDEX( FILTER( Reference!$F:$F, Reference!$A:$A = $E4, Reference!$E:$E = $D4, Reference!$C:$C = $Q4),1),""RATE_NOT_FOUND"")"),24.0) -> 24 | T4: =IF($S4="","", S4*R4) -> 104 | U4: =IF(OR(M4="",L4=""),0,(M4-L4)*24-N4/60) -> 0 | V4: =IF(OR(P4=0, G4="No Field Time"),0,P4/U4) -> 0 | W4: =TEXT(B4,"dddd") -> Wednesday | X4: =IF(AND(OR(W4="Friday", W4="Saturday"), V4>=18), 50, 0) -> 0 | Y4: =IFERROR(__xludf.DUMMYFUNCTION("IFERROR( INDEX( FILTER(Reference!$D:$D, Reference!$A:$A=$E4, Reference!$C:$C=$Q4), 1),"""")"),46038.0) -> 46038 | Z4: =SUMIFS( $U:$U, $C:$C, $C4, $Q:$Q, $Q4 ) -> 9.0833333 | AA4: =IF(Z4=0,0, IF(Z4>=LOOKUP(Q4,MinHr_Weekly_Bonus!A:A,MinHr_Weekly_Bonus!B:B), LOOKUP(Q4,MinHr_Weekly_Bonus!A:A,MinHr_Weekly_Bonus!C:C), 0)) -> 0 | AB4: =T4+X4 -> 104 | AC4: =IF(AND(U4<1, V4>100, U4>0),"REVIEW: very high KPH","")
A5: Washington | B5: 46036 | C5: Emily Chen | D5: Canvasser | E5: Campaign A | F5: Door | G5: No Field Time | I5: 0.39583333 | J5: 0.57638889 | K5: 0 | O5: 0 | P5: 0 | Q5: =B5+MOD(6-WEEKDAY(B5,1),7) -> 46038 | R5: =IF(OR(I5="", J5=""),0,(J5-I5)*24-K5/60) -> 4.3333333 | S5: =IFERROR(__xludf.DUMMYFUNCTION("IFERROR( INDEX( FILTER( Reference!$F:$F, Reference!$A:$A = $E5, Reference!$E:$E = $D5, Reference!$C:$C = $Q5),1),""RATE_NOT_FOUND"")"),24.0) -> 24 | T5: =IF($S5="","", S5*R5) -> 104 | U5: =IF(OR(M5="",L5=""),0,(M5-L5)*24-N5/60) -> 0 | V5: =IF(OR(P5=0, G5="No Field Time"),0,P5/U5) -> 0 | W5: =TEXT(B5,"dddd") -> Wednesday | X5: =IF(AND(OR(W5="Friday", W5="Saturday"), V5>=18), 50, 0) -> 0 | Y5: =IFERROR(__xludf.DUMMYFUNCTION("IFERROR( INDEX( FILTER(Reference!$D:$D, Reference!$A:$A=$E5, Reference!$C:$C=$Q5), 1),"""")"),46038.0) -> 46038 | Z5: =SUMIFS( $U:$U, $C:$C, $C5, $Q:$Q, $Q5 ) -> 2.0833333 | AA5: =IF(Z5=0,0, IF(Z5>=LOOKUP(Q5,MinHr_Weekly_Bonus!A:A,MinHr_Weekly_Bonus!B:B), LOOKUP(Q5,MinHr_Weekly_Bonus!A:A,MinHr_Weekly_Bonus!C:C), 0)) -> 0 | AB5: =T5+X5 -> 104 | AC5: =IF(AND(U5<1, V5>100, U5>0),"REVIEW: very high KPH","")
A6: Washington | B6: 46036 | C6: Aisha Johnson | D6: Canvasser | E6: Campaign A | F6: Door | G6: No Field Time | I6: 0.39583333 | J6: 0.57638889 | K6: 0 | O6: 0 | P6: 0 | Q6: =B6+MOD(6-WEEKDAY(B6,1),7) -> 46038 | R6: =IF(OR(I6="", J6=""),0,(J6-I6)*24-K6/60) -> 4.3333333 | S6: =IFERROR(__xludf.DUMMYFUNCTION("IFERROR( INDEX( FILTER( Reference!$F:$F, Reference!$A:$A = $E6, Reference!$E:$E = $D6, Reference!$C:$C = $Q6),1),""RATE_NOT_FOUND"")"),24.0) -> 24 | T6: =IF($S6="","", S6*R6) -> 104 | U6: =IF(OR(M6="",L6=""),0,(M6-L6)*24-N6/60) -> 0 | V6: =IF(OR(P6=0, G6="No Field Time"),0,P6/U6) -> 0 | W6: =TEXT(B6,"dddd") -> Wednesday | X6: =IF(AND(OR(W6="Friday", W6="Saturday"), V6>=18), 50, 0) -> 0 | Y6: =IFERROR(__xludf.DUMMYFUNCTION("IFERROR( INDEX( FILTER(Reference!$D:$D, Reference!$A:$A=$E6, Reference!$C:$C=$Q6), 1),"""")"),46038.0) -> 46038 | Z6: =SUMIFS( $U:$U, $C:$C, $C6, $Q:$Q, $Q6 ) -> 9.75 | AA6: =IF(Z6=0,0, IF(Z6>=LOOKUP(Q6,MinHr_Weekly_Bonus!A:A,MinHr_Weekly_Bonus!B:B), LOOKUP(Q6,MinHr_Weekly_Bonus!A:A,MinHr_Weekly_Bonus!C:C), 0)) -> 0 | AB6: =T6+X6 -> 104 | AC6: =IF(AND(U6<1, V6>100, U6>0),"REVIEW: very high KPH","")
A7: Washington | B7: 46036 | C7: Daniel Kim | D7: Canvasser | E7: Campaign A | F7: Door | G7: No Field Time | I7: 0.39583333 | J7: 0.57638889 | K7: 0 | O7: 0 | P7: 0 | Q7: =B7+MOD(6-WEEKDAY(B7,1),7) -> 46038 | R7: =IF(OR(I7="", J7=""),0,(J7-I7)*24-K7/60) -> 4.3333333 | S7: =IFERROR(__xludf.DUMMYFUNCTION("IFERROR( INDEX( FILTER( Reference!$F:$F, Reference!$A:$A = $E7, Reference!$E:$E = $D7, Reference!$C:$C = $Q7),1),""RATE_NOT_FOUND"")"),24.0) -> 24 | T7: =IF($S7="","", S7*R7) -> 104 | U7: =IF(OR(M7="",L7=""),0,(M7-L7)*24-N7/60) -> 0 | V7: =IF(OR(P7=0, G7="No Field Time"),0,P7/U7) -> 0 | W7: =TEXT(B7,"dddd") -> Wednesday | X7: =IF(AND(OR(W7="Friday", W7="Saturday"), V7>=18), 50, 0) -> 0 | Y7: =IFERROR(__xludf.DUMMYFUNCTION("IFERROR( INDEX( FILTER(Reference!$D:$D, Reference!$A:$A=$E7, Reference!$C:$C=$Q7), 1),"""")"),46038.0) -> 46038 | Z7: =SUMIFS( $U:$U, $C:$C, $C7, $Q:$Q, $Q7 ) -> 4.9166667 | AA7: =IF(Z7=0,0, IF(Z7>=LOOKUP(Q7,MinHr_Weekly_Bonus!A:A,MinHr_Weekly_Bonus!B:B), LOOKUP(Q7,MinHr_Weekly_Bonus!A:A,MinHr_Weekly_Bonus!C:C), 0)) -> 0 | AB7: =T7+X7 -> 104 | AC7: =IF(AND(U7<1, V7>100, U7>0),"REVIEW: very high KPH","")
A8: Washington | B8: 46037 | C8: Daniel Kim | D8: Team Lead | E8: Campaign A | F8: Door | G8: Regular | H8: Daniel Kim | I8: 0.44444444 | J8: 0.77430556 | K8: 30 | L8: 0.48958333 | M8: 0.72916667 | N8: 50 | O8: 1 | P8: 94 | Q8: =B8+MOD(6-WEEKDAY(B8,1),7) -> 46038 | R8: =IF(OR(I8="", J8=""),0,(J8-I8)*24-K8/60) -> 7.4166667 | S8: =IFERROR(__xludf.DUMMYFUNCTION("IFERROR( INDEX( FILTER( Reference!$F:$F, Reference!$A:$A = $E8, Reference!$E:$E = $D8, Reference!$C:$C = $Q8),1),""RATE_NOT_FOUND"")"),26.0) -> 26 | T8: =IF($S8="","", S8*R8) -> 192.83333 | U8: =IF(OR(M8="",L8=""),0,(M8-L8)*24-N8/60) -> 4.9166667 | V8: =IF(OR(P8=0, G8="No Field Time"),0,P8/U8) -> 19.118644 | W8: =TEXT(B8,"dddd") -> Thursday | X8: =IF(AND(OR(W8="Friday", W8="Saturday"), V8>=18), 50, 0) -> 0 | Y8: =IFERROR(__xludf.DUMMYFUNCTION("IFERROR( INDEX( FILTER(Reference!$D:$D, Reference!$A:$A=$E8, Reference!$C:$C=$Q8), 1),"""")"),46038.0) -> 46038 | Z8: =SUMIFS( $U:$U, $C:$C, $C8, $Q:$Q, $Q8 ) -> 4.9166667 | AA8: =IF(Z8=0,0, IF(Z8>=LOOKUP(Q8,MinHr_Weekly_Bonus!A:A,MinHr_Weekly_Bonus!B:B), LOOKUP(Q8,MinHr_Weekly_Bonus!A:A,MinHr_Weekly_Bonus!C:C), 0)) -> 0 | AB8: =T8+X8 -> 192.83333 | AC8: =IF(AND(U8<1, V8>100, U8>0),"REVIEW: very high KPH","")
A9: Washington | B9: 46037 | C9: Sofia Martinez | D9: Canvasser | E9: Campaign A | F9: Door | G9: Regular | H9: Daniel Kim | I9: 0.39583333 | J9: 0.76388889 | K9: 30 | L9: 0.48958333 | M9: 0.72916667 | N9: 50 | O9: 1 | P9: 89 | Q9: =B9+MOD(6-WEEKDAY(B9,1),7) -> 46038 | R9: =IF(OR(I9="", J9=""),0,(J9-I9)*24-K9/60) -> 8.3333333 | S9: =IFERROR(__xludf.DUMMYFUNCTION("IFERROR( INDEX( FILTER( Reference!$F:$F, Reference!$A:$A = $E9, Reference!$E:$E = $D9, Reference!$C:$C = $Q9),1),""RATE_NOT_FOUND"")"),24.0) -> 24 | T9: =IF($S9="","", S9*R9) -> 200 | U9: =IF(OR(M9="",L9=""),0,(M9-L9)*24-N9/60) -> 4.9166667 | V9: =IF(OR(P9=0, G9="No Field Time"),0,P9/U9) -> 18.101695 | W9: =TEXT(B9,"dddd") -> Thursday | X9: =IF(AND(OR(W9="Friday", W9="Saturday"), V9>=18), 50, 0) -> 0 | Y9: =IFERROR(__xludf.DUMMYFUNCTION("IFERROR( INDEX( FILTER(Reference!$D:$D, Reference!$A:$A=$E9, Reference!$C:$C=$Q9), 1),"""")"),46038.0) -> 46038 | Z9: =SUMIFS( $U:$U, $C:$C, $C9, $Q:$Q, $Q9 ) -> 9.25 | AA9: =IF(Z9=0,0, IF(Z9>=LOOKUP(Q9,MinHr_Weekly_Bonus!A:A,MinHr_Weekly_Bonus!B:B), LOOKUP(Q9,MinHr_Weekly_Bonus!A:A,MinHr_Weekly_Bonus!C:C), 0)) -> 0 | AB9: =T9+X9 -> 200 | AC9: =IF(AND(U9<1, V9>100, U9>0),"REVIEW: very high KPH","")
A10: Washington | B10: 46037 | C10: Jordan Williams | D10: Canvasser | E10: Campaign A | F10: Door | G10: Regular | H10: Daniel Kim | I10: 0.42708333 | J10: 0.76736111 | K10: 30 | L10: 0.48958333 | M10: 0.72916667 | N10: 50 | O10: 1 | P10: 98 | Q10: =B10+MOD(6-WEEKDAY(B10,1),7) -> 46038 | R10: =IF(OR(I10="", J10=""),0,(J10-I10)*24-K10/60) -> 7.6666667 | S10: =IFERROR(__xludf.DUMMYFUNCTION("IFERROR( INDEX( FILTER( Reference!$F:$F, Reference!$A:$A = $E10, Reference!$E:$E = $D10, Reference!$C:$C = $Q10),1),""RATE_NOT_FOUND"")"),24.0) -> 24 | T10: =IF($S10="","", S10*R10) -> 184 | U10: =IF(OR(M10="",L10=""),0,(M10-L10)*24-N10/60) -> 4.9166667 | V10: =IF(OR(P10=0, G10="No Field Time"),0,P10/U10) -> 19.932203 | W10: =TEXT(B10,"dddd") -> Thursday | X10: =IF(AND(OR(W10="Friday", W10="Saturday"), V10>=18), 50, 0) -> 0 | Y10: =IFERROR(__xludf.DUMMYFUNCTION("IFERROR( INDEX( FILTER(Reference!$D:$D, Reference!$A:$A=$E10, Reference!$C:$C=$Q10), 1),"""")"),46038.0) -> 46038 | Z10: =SUMIFS( $U:$U, $C:$C, $C10, $Q:$Q, $Q10 ) -> 9.8333333 | AA10: =IF(Z10=0,0, IF(Z10>=LOOKUP(Q10,MinHr_Weekly_Bonus!A:A,MinHr_Weekly_Bonus!B:B), LOOKUP(Q10,MinHr_Weekly_Bonus!A:A,MinHr_Weekly_Bonus!C:C), 0)) -> 0 | AB10: =T10+X10 -> 184 | AC10: =IF(AND(U10<1, V10>100, U10>0),"REVIEW: very high KPH","")
A11: Washington | B11: 46037 | C11: Carlos Ramirez | D11: Team Lead | E11: Campaign A | F11: Door | G11: Regular | H11: Carlos Ramirez | I11: 0.44791667 | J11: 0.75902778 | K11: 30 | L11: 0.49305556 | M11: 0.72569444 | N11: 50 | O11: 1 | P11: 64 | Q11: =B11+MOD(6-WEEKDAY(B11,1),7) -> 46038 | R11: =IF(OR(I11="", J11=""),0,(J11-I11)*24-K11/60) -> 6.9666667 | S11: =IFERROR(__xludf.DUMMYFUNCTION("IFERROR( INDEX( FILTER( Reference!$F:$F, Reference!$A:$A = $E11, Reference!$E:$E = $D11, Reference!$C:$C = $Q11),1),""RATE_NOT_FOUND"")"),26.0) -> 26 | T11: =IF($S11="","", S11*R11) -> 181.13333 | U11: =IF(OR(M11="",L11=""),0,(M11-L11)*24-N11/60) -> 4.75 | V11: =IF(OR(P11=0, G11="No Field Time"),0,P11/U11) -> 13.473684 | W11: =TEXT(B11,"dddd") -> Thursday | X11: =IF(AND(OR(W11="Friday", W11="Saturday"), V11>=18), 50, 0) -> 0 | Y11: =IFERROR(__xludf.DUMMYFUNCTION("IFERROR( INDEX( FILTER(Reference!$D:$D, Reference!$A:$A=$E11, Reference!$C:$C=$Q11), 1),"""")"),46038.0) -> 46038 | Z11: =SUMIFS( $U:$U, $C:$C, $C11, $Q:$Q, $Q11 ) -> 9.0833333 | AA11: =IF(Z11=0,0, IF(Z11>=LOOKUP(Q11,MinHr_Weekly_Bonus!A:A,MinHr_Weekly_Bonus!B:B), LOOKUP(Q11,MinHr_Weekly_Bonus!A:A,MinHr_Weekly_Bonus!C:C), 0)) -> 0 | AB11: =T11+X11 -> 181.13333 | AC11: =IF(AND(U11<1, V11>100, U11>0),"REVIEW: very high KPH","")
A12: Washington | B12: 46037 | C12: Marcus Thompson | D12: Canvasser | E12: Campaign A | F12: Door | G12: Regular | H12: Carlos Ramirez | I12: 0.39583333 | J12: 0.77430556 | K12: 30 | L12: 0.48611111 | M12: 0.72916667 | N12: 50 | O12: 1 | P12: 105 | Q12: =B12+MOD(6-WEEKDAY(B12,1),7) -> 46038 | R12: =IF(OR(I12="", J12=""),0,(J12-I12)*24-K12/60) -> 8.5833333 | S12: =IFERROR(__xludf.DUMMYFUNCTION("IFERROR( INDEX( FILTER( Reference!$F:$F, Reference!$A:$A = $E12, Reference!$E:$E = $D12, Reference!$C:$C = $Q12),1),""RATE_NOT_FOUND"")"),24.0) -> 24 | T12: =IF($S12="","", S12*R12) -> 206 | U12: =IF(OR(M12="",L12=""),0,(M12-L12)*24-N12/60) -> 5 | V12: =IF(OR(P12=0, G12="No Field Time"),0,P12/U12) -> 21 | W12: =TEXT(B12,"dddd") -> Thursday | X12: =IF(AND(OR(W12="Friday", W12="Saturday"), V12>=18), 50, 0) -> 0 | Y12: =IFERROR(__xludf.DUMMYFUNCTION("IFERROR( INDEX( FILTER(Reference!$D:$D, Reference!$A:$A=$E12, Reference!$C:$C=$Q12), 1),"""")"),46038.0) -> 46038 | Z12: =SUMIFS( $U:$U, $C:$C, $C12, $Q:$Q, $Q12 ) -> 5 | AA12: =IF(Z12=0,0, IF(Z12>=LOOKUP(Q12,MinHr_Weekly_Bonus!A:A,MinHr_Weekly_Bonus!B:B), LOOKUP(Q12,MinHr_Weekly_Bonus!A:A,MinHr_Weekly_Bonus!C:C), 0)) -> 0 | AB12: =T12+X12 -> 206 | AC12: =IF(AND(U12<1, V12>100, U12>0),"REVIEW: very high KPH","")
A13: Washington | B13: 46037 | C13: Maya Patel | D13: Canvasser | E13: Campaign A | F13: Door | G13: Regular | H13: Carlos Ramirez | I13: 0.42708333 | J13: 0.76875 | K13: 30 | L13: 0.5 | M13: 0.72916667 | N13: 50 | O13: 1 | P13: 75 | Q13: =B13+MOD(6-WEEKDAY(B13,1),7) -> 46038 | R13: =IF(OR(I13="", J13=""),0,(J13-I13)*24-K13/60) -> 7.7 | S13: =IFERROR(__xludf.DUMMYFUNCTION("IFERROR( INDEX( FILTER( Reference!$F:$F, Reference!$A:$A = $E13, Reference!$E:$E = $D13, Reference!$C:$C = $Q13),1),""RATE_NOT_FOUND"")"),24.0) -> 24 | T13: =IF($S13="","", S13*R13) -> 184.8 | U13: =IF(OR(M13="",L13=""),0,(M13-L13)*24-N13/60) -> 4.6666667 | V13: =IF(OR(P13=0, G13="No Field Time"),0,P13/U13) -> 16.071429 | W13: =TEXT(B13,"dddd") -> Thursday | X13: =IF(AND(OR(W13="Friday", W13="Saturday"), V13>=18), 50, 0) -> 0 | Y13: =IFERROR(__xludf.DUMMYFUNCTION("IFERROR( INDEX( FILTER(Reference!$D:$D, Reference!$A:$A=$E13, Reference!$C:$C=$Q13), 1),"""")"),46038.0) -> 46038 | Z13: =SUMIFS( $U:$U, $C:$C, $C13, $Q:$Q, $Q13 ) -> 9.5833333 | AA13: =IF(Z13=0,0, IF(Z13>=LOOKUP(Q13,MinHr_Weekly_Bonus!A:A,MinHr_Weekly_Bonus!B:B), LOOKUP(Q13,MinHr_Weekly_Bonus!A:A,MinHr_Weekly_Bonus!C:C), 0)) -> 0 | AB13: =T13+X13 -> 184.8 | AC13: =IF(AND(U13<1, V13>100, U13>0),"REVIEW: very high KPH","")
A14: Washington | B14: 46037 | C14: Aisha Johnson | D14: Team Lead | E14: Campaign A | F14: Door | G14: Regular | H14: Aisha Johnson | I14: 0.42708333 | J14: 0.75347222 | K14: 30 | L14: 0.5 | M14: 0.72916667 | N14: 50 | O14: 1 | P14: 95 | Q14: =B14+MOD(6-WEEKDAY(B14,1),7) -> 46038 | R14: =IF(OR(I14="", J14=""),0,(J14-I14)*24-K14/60) -> 7.3333333 | S14: =IFERROR(__xludf.DUMMYFUNCTION("IFERROR( INDEX( FILTER( Reference!$F:$F, Reference!$A:$A = $E14, Reference!$E:$E = $D14, Reference!$C:$C = $Q14),1),""RATE_NOT_FOUND"")"),26.0) -> 26 | T14: =IF($S14="","", S14*R14) -> 190.66667 | U14: =IF(OR(M14="",L14=""),0,(M14-L14)*24-N14/60) -> 4.6666667 | V14: =IF(OR(P14=0, G14="No Field Time"),0,P14/U14) -> 20.357143 | W14: =TEXT(B14,"dddd") -> Thursday | X14: =IF(AND(OR(W14="Friday", W14="Saturday"), V14>=18), 50, 0) -> 0 | Y14: =IFERROR(__xludf.DUMMYFUNCTION("IFERROR( INDEX( FILTER(Reference!$D:$D, Reference!$A:$A=$E14, Reference!$C:$C=$Q14), 1),"""")"),46038.0) -> 46038 | Z14: =SUMIFS( $U:$U, $C:$C, $C14, $Q:$Q, $Q14 ) -> 9.75 | AA14: =IF(Z14=0,0, IF(Z14>=LOOKUP(Q14,MinHr_Weekly_Bonus!A:A,MinHr_Weekly_Bonus!B:B), LOOKUP(Q14,MinHr_Weekly_Bonus!A:A,MinHr_Weekly_Bonus!C:C), 0)) -> 0 | AB14: =T14+X14 -> 190.66667 | AC14: =IF(AND(U14<1, V14>100, U14>0),"REVIEW: very high KPH","")
A15: Washington | B15: 46037 | C15: Priya Nair | D15: Canvasser | E15: Campaign A | F15: Door | G15: Regular | H15: Aisha Johnson | I15: 0.39583333 | J15: 0.76041667 | K15: 30 | L15: 0.47916667 | M15: 0.72916667 | N15: 50 | O15: 1 | P15: 55 | Q15: =B15+MOD(6-WEEKDAY(B15,1),7) -> 46038 | R15: =IF(OR(I15="", J15=""),0,(J15-I15)*24-K15/60) -> 8.25 | S15: =IFERROR(__xludf.DUMMYFUNCTION("IFERROR( INDEX( FILTER( Reference!$F:$F, Reference!$A:$A = $E15, Reference!$E:$E = $D15, Reference!$C:$C = $Q15),1),""RATE_NOT_FOUND"")"),24.0) -> 24 | T15: =IF($S15="","", S15*R15) -> 198 | U15: =IF(OR(M15="",L15=""),0,(M15-L15)*24-N15/60) -> 5.1666667 | V15: =IF(OR(P15=0, G15="No Field Time"),0,P15/U15) -> 10.645161 | W15: =TEXT(B15,"dddd") -> Thursday | X15: =IF(AND(OR(W15="Friday", W15="Saturday"), V15>=18), 50, 0) -> 0 | Y15: =IFERROR(__xludf.DUMMYFUNCTION("IFERROR( INDEX( FILTER(Reference!$D:$D, Reference!$A:$A=$E15, Reference!$C:$C=$Q15), 1),"""")"),46038.0) -> 46038 | Z15: =SUMIFS( $U:$U, $C:$C, $C15, $Q:$Q, $Q15 ) -> 10.083333 | AA15: =IF(Z15=0,0, IF(Z15>=LOOKUP(Q15,MinHr_Weekly_Bonus!A:A,MinHr_Weekly_Bonus!B:B), LOOKUP(Q15,MinHr_Weekly_Bonus!A:A,MinHr_Weekly_Bonus!C:C), 0)) -> 0 | AB15: =T15+X15 -> 198 | AC15: =IF(AND(U15<1, V15>100, U15>0),"REVIEW: very high KPH","")
A16: Washington | B16: 46037 | C16: Emily Chen | D16: Canvasser | E16: Campaign A | F16: Door | G16: Regular | H16: Aisha Johnson | I16: 0.42708333 | J16: 0.58333333 | K16: 0 | L16: 0.47916667 | M16: 0.57291667 | N16: 10 | O16: 1 | P16: 96 | Q16: =B16+MOD(6-WEEKDAY(B16,1),7) -> 46038 | R16: =IF(OR(I16="", J16=""),0,(J16-I16)*24-K16/60) -> 3.75 | S16: =IFERROR(__xludf.DUMMYFUNCTION("IFERROR( INDEX( FILTER( Reference!$F:$F, Reference!$A:$A = $E16, Reference!$E:$E = $D16, Reference!$C:$C = $Q16),1),""RATE_NOT_FOUND"")"),24.0) -> 24 | T16: =IF($S16="","", S16*R16) -> 90 | U16: =IF(OR(M16="",L16=""),0,(M16-L16)*24-N16/60) -> 2.0833333 | V16: =IF(OR(P16=0, G16="No Field Time"),0,P16/U16) -> 46.08 | W16: =TEXT(B16,"dddd") -> Thursday | X16: =IF(AND(OR(W16="Friday", W16="Saturday"), V16>=18), 50, 0) -> 0 | Y16: =IFERROR(__xludf.DUMMYFUNCTION("IFERROR( INDEX( FILTER(Reference!$D:$D, Reference!$A:$A=$E16, Reference!$C:$C=$Q16), 1),"""")"),46038.0) -> 46038 | Z16: =SUMIFS( $U:$U, $C:$C, $C16, $Q:$Q, $Q16 ) -> 2.0833333 | AA16: =IF(Z16=0,0, IF(Z16>=LOOKUP(Q16,MinHr_Weekly_Bonus!A:A,MinHr_Weekly_Bonus!B:B), LOOKUP(Q16,MinHr_Weekly_Bonus!A:A,MinHr_Weekly_Bonus!C:C), 0)) -> 0 | AB16: =T16+X16 -> 90 | AC16: =IF(AND(U16<1, V16>100, U16>0),"REVIEW: very high KPH","")
A17: Washington | B17: 46038 | C17: Ethan Brooks | D17: Canvasser | E17: Campaign A | F17: Door | G17: Regular | H17: Aisha Johnson | I17: 0.39583333 | J17: 0.78472222 | K17: 30 | L17: 0.48263889 | M17: 0.72916667 | N17: 50 | O17: 1 | P17: 115 | Q17: =B17+MOD(6-WEEKDAY(B17,1),7) -> 46038 | R17: =IF(OR(I17="", J17=""),0,(J17-I17)*24-K17/60) -> 8.8333333 | S17: =IFERROR(__xludf.DUMMYFUNCTION("IFERROR( INDEX( FILTER( Reference!$F:$F, Reference!$A:$A = $E17, Reference!$E:$E = $D17, Reference!$C:$C = $Q17),1),""RATE_NOT_FOUND"")"),24.0) -> 24 | T17: =IF($S17="","", S17*R17) -> 212 | U17: =IF(OR(M17="",L17=""),0,(M17-L17)*24-N17/60) -> 5.0833333 | V17: =IF(OR(P17=0, G17="No Field Time"),0,P17/U17) -> 22.622951 | W17: =TEXT(B17,"dddd") -> Friday | X17: =IF(AND(OR(W17="Friday", W17="Saturday"), V17>=18), 50, 0) -> 50 | Y17: =IFERROR(__xludf.DUMMYFUNCTION("IFERROR( INDEX( FILTER(Reference!$D:$D, Reference!$A:$A=$E17, Reference!$C:$C=$Q17), 1),"""")"),46038.0) -> 46038 | Z17: =SUMIFS( $U:$U, $C:$C, $C17, $Q:$Q, $Q17 ) -> 5.0833333 | AA17: =IF(Z17=0,0, IF(Z17>=LOOKUP(Q17,MinHr_Weekly_Bonus!A:A,MinHr_Weekly_Bonus!B:B), LOOKUP(Q17,MinHr_Weekly_Bonus!A:A,MinHr_Weekly_Bonus!C:C), 0)) -> 0 | AB17: =T17+X17 -> 262 | AC17: =IF(AND(U17<1, V17>100, U17>0),"REVIEW: very high KPH","")
A18: Washington | B18: 46038 | C18: Aisha Johnson | D18: Team Lead | E18: Campaign A | F18: Door | G18: Regular | H18: Aisha Johnson | I18: 0.42708333 | J18: 0.77986111 | K18: 30 | L18: 0.48263889 | M18: 0.72916667 | N18: 50 | O18: 1 | P18: 60 | Q18: =B18+MOD(6-WEEKDAY(B18,1),7) -> 46038 | R18: =IF(OR(I18="", J18=""),0,(J18-I18)*24-K18/60) -> 7.9666667 | S18: =IFERROR(__xludf.DUMMYFUNCTION("IFERROR( INDEX( FILTER( Reference!$F:$F, Reference!$A:$A = $E18, Reference!$E:$E = $D18, Reference!$C:$C = $Q18),1),""RATE_NOT_FOUND"")"),26.0) -> 26 | T18: =IF($S18="","", S18*R18) -> 207.13333 | U18: =IF(OR(M18="",L18=""),0,(M18-L18)*24-N18/60) -> 5.0833333 | V18: =IF(OR(P18=0, G18="No Field Time"),0,P18/U18) -> 11.803279 | W18: =TEXT(B18,"dddd") -> Friday | X18: =IF(AND(OR(W18="Friday", W18="Saturday"), V18>=18), 50, 0) -> 0 | Y18: =IFERROR(__xludf.DUMMYFUNCTION("IFERROR( INDEX( FILTER(Reference!$D:$D, Reference!$A:$A=$E18, Reference!$C:$C=$Q18), 1),"""")"),46038.0) -> 46038 | Z18: =SUMIFS( $U:$U, $C:$C, $C18, $Q:$Q, $Q18 ) -> 9.75 | AA18: =IF(Z18=0,0, IF(Z18>=LOOKUP(Q18,MinHr_Weekly_Bonus!A:A,MinHr_Weekly_Bonus!B:B), LOOKUP(Q18,MinHr_Weekly_Bonus!A:A,MinHr_Weekly_Bonus!C:C), 0)) -> 0 | AB18: =T18+X18 -> 207.13333 | AC18: =IF(AND(U18<1, V18>100, U18>0),"REVIEW: very high KPH","")
A19: Washington | B19: 46038 | C19: Fatima Hassan | D19: Canvasser | E19: Campaign A | F19: Door | G19: Regular | H19: Aisha Johnson | I19: 0.44791667 | J19: 0.77083333 | K19: 30 | L19: 0.48958333 | M19: 0.72916667 | N19: 50 | O19: 1 | P19: 113 | Q19: =B19+MOD(6-WEEKDAY(B19,1),7) -> 46038 | R19: =IF(OR(I19="", J19=""),0,(J19-I19)*24-K19/60) -> 7.25 | S19: =IFERROR(__xludf.DUMMYFUNCTION("IFERROR( INDEX( FILTER( Reference!$F:$F, Reference!$A:$A = $E19, Reference!$E:$E = $D19, Reference!$C:$C = $Q19),1),""RATE_NOT_FOUND"")"),24.0) -> 24 | T19: =IF($S19="","", S19*R19) -> 174 | U19: =IF(OR(M19="",L19=""),0,(M19-L19)*24-N19/60) -> 4.9166667 | V19: =IF(OR(P19=0, G19="No Field Time"),0,P19/U19) -> 22.983051 | W19: =TEXT(B19,"dddd") -> Friday | X19: =IF(AND(OR(W19="Friday", W19="Saturday"), V19>=18), 50, 0) -> 50 | Y19: =IFERROR(__xludf.DUMMYFUNCTION("IFERROR( INDEX( FILTER(Reference!$D:$D, Reference!$A:$A=$E19, Reference!$C:$C=$Q19), 1),"""")"),46038.0) -> 46038 | Z19: =SUMIFS( $U:$U, $C:$C, $C19, $Q:$Q, $Q19 ) -> 4.9166667 | AA19: =IF(Z19=0,0, IF(Z19>=LOOKUP(Q19,MinHr_Weekly_Bonus!A:A,MinHr_Weekly_Bonus!B:B), LOOKUP(Q19,MinHr_Weekly_Bonus!A:A,MinHr_Weekly_Bonus!C:C), 0)) -> 0 | AB19: =T19+X19 -> 224 | AC19: =IF(AND(U19<1, V19>100, U19>0),"REVIEW: very high KPH","")
A20: Washington | B20: 46038 | C20: Jordan Williams | D20: Canvasser | E20: Campaign A | F20: Door | G20: Regular | H20: Aisha Johnson | I20: 0.44444444 | J20: 0.77083333 | K20: 30 | L20: 0.48958333 | M20: 0.72916667 | N20: 50 | O20: 1 | P20: 67 | Q20: =B20+MOD(6-WEEKDAY(B20,1),7) -> 46038 | R20: =IF(OR(I20="", J20=""),0,(J20-I20)*24-K20/60) -> 7.3333333 | S20: =IFERROR(__xludf.DUMMYFUNCTION("IFERROR( INDEX( FILTER( Reference!$F:$F, Reference!$A:$A = $E20, Reference!$E:$E = $D20, Reference!$C:$C = $Q20),1),""RATE_NOT_FOUND"")"),24.0) -> 24 | T20: =IF($S20="","", S20*R20) -> 176 | U20: =IF(OR(M20="",L20=""),0,(M20-L20)*24-N20/60) -> 4.9166667 | V20: =IF(OR(P20=0, G20="No Field Time"),0,P20/U20) -> 13.627119 | W20: =TEXT(B20,"dddd") -> Friday | X20: =IF(AND(OR(W20="Friday", W20="Saturday"), V20>=18), 50, 0) -> 0 | Y20: =IFERROR(__xludf.DUMMYFUNCTION("IFERROR( INDEX( FILTER(Reference!$D:$D, Reference!$A:$A=$E20, Reference!$C:$C=$Q20), 1),"""")"),46038.0) -> 46038 | Z20: =SUMIFS( $U:$U, $C:$C, $C20, $Q:$Q, $Q20 ) -> 9.8333333 | AA20: =IF(Z20=0,0, IF(Z20>=LOOKUP(Q20,MinHr_Weekly_Bonus!A:A,MinHr_Weekly_Bonus!B:B), LOOKUP(Q20,MinHr_Weekly_Bonus!A:A,MinHr_Weekly_Bonus!C:C), 0)) -> 0 | AB20: =T20+X20 -> 176 | AC20: =IF(AND(U20<1, V20>100, U20>0),"REVIEW: very high KPH","")
A21: Washington | B21: 46038 | C21: Noah Levine | D21: Canvasser | E21: Campaign A | F21: Door | G21: Regular | H21: Aisha Johnson | I21: 0.39583333 | J21: 0.78194444 | K21: 30 | L21: 0.48958333 | M21: 0.72916667 | N21: 50 | O21: 1 | P21: 78 | Q21: =B21+MOD(6-WEEKDAY(B21,1),7) -> 46038 | R21: =IF(OR(I21="", J21=""),0,(J21-I21)*24-K21/60) -> 8.7666667 | S21: =IFERROR(__xludf.DUMMYFUNCTION("IFERROR( INDEX( FILTER( Reference!$F:$F, Reference!$A:$A = $E21, Reference!$E:$E = $D21, Reference!$C:$C = $Q21),1),""RATE_NOT_FOUND"")"),24.0) -> 24 | T21: =IF($S21="","", S21*R21) -> 210.4 | U21: =IF(OR(M21="",L21=""),0,(M21-L21)*24-N21/60) -> 4.9166667 | V21: =IF(OR(P21=0, G21="No Field Time"),0,P21/U21) -> 15.864407 | W21: =TEXT(B21,"dddd") -> Friday | X21: =IF(AND(OR(W21="Friday", W21="Saturday"), V21>=18), 50, 0) -> 0 | Y21: =IFERROR(__xludf.DUMMYFUNCTION("IFERROR( INDEX( FILTER(Reference!$D:$D, Reference!$A:$A=$E21, Reference!$C:$C=$Q21), 1),"""")"),46038.0) -> 46038 | Z21: =SUMIFS( $U:$U, $C:$C, $C21, $Q:$Q, $Q21 ) -> 4.9166667 | AA21: =IF(Z21=0,0, IF(Z21>=LOOKUP(Q21,MinHr_Weekly_Bonus!A:A,MinHr_Weekly_Bonus!B:B), LOOKUP(Q21,MinHr_Weekly_Bonus!A:A,MinHr_Weekly_Bonus!C:C), 0)) -> 0 | AB21: =T21+X21 -> 210.4 | AC21: =IF(AND(U21<1, V21>100, U21>0),"REVIEW: very high KPH","")
A22: Washington | B22: 46038 | C22: Priya Nair | D22: Canvasser | E22: Campaign A | F22: Door | G22: Regular | H22: Grace Nguyen | I22: 0.44444444 | J22: 0.78125 | K22: 30 | L22: 0.48958333 | M22: 0.72916667 | N22: 50 | O22: 1 | P22: 52 | Q22: =B22+MOD(6-WEEKDAY(B22,1),7) -> 46038 | R22: =IF(OR(I22="", J22=""),0,(J22-I22)*24-K22/60) -> 7.5833333 | S22: =IFERROR(__xludf.DUMMYFUNCTION("IFERROR( INDEX( FILTER( Reference!$F:$F, Reference!$A:$A = $E22, Reference!$E:$E = $D22, Reference!$C:$C = $Q22),1),""RATE_NOT_FOUND"")"),24.0) -> 24 | T22: =IF($S22="","", S22*R22) -> 182 | U22: =IF(OR(M22="",L22=""),0,(M22-L22)*24-N22/60) -> 4.9166667 | V22: =IF(OR(P22=0, G22="No Field Time"),0,P22/U22) -> 10.576271 | W22: =TEXT(B22,"dddd") -> Friday | X22: =IF(AND(OR(W22="Friday", W22="Saturday"), V22>=18), 50, 0) -> 0 | Y22: =IFERROR(__xludf.DUMMYFUNCTION("IFERROR( INDEX( FILTER(Reference!$D:$D, Reference!$A:$A=$E22, Reference!$C:$C=$Q22), 1),"""")"),46038.0) -> 46038 | Z22: =SUMIFS( $U:$U, $C:$C, $C22, $Q:$Q, $Q22 ) -> 10.083333 | AA22: =IF(Z22=0,0, IF(Z22>=LOOKUP(Q22,MinHr_Weekly_Bonus!A:A,MinHr_Weekly_Bonus!B:B), LOOKUP(Q22,MinHr_Weekly_Bonus!A:A,MinHr_Weekly_Bonus!C:C), 0)) -> 0 | AB22: =T22+X22 -> 182 | AC22: =IF(AND(U22<1, V22>100, U22>0),"REVIEW: very high KPH","")
A23: Washington | B23: 46038 | C23: Grace Nguyen | D23: Team Lead | E23: Campaign A | F23: Door | G23: Regular | H23: Grace Nguyen | I23: 0.39583333 | J23: 0.77083333 | K23: 30 | L23: 0.48819444 | M23: 0.72916667 | N23: 50 | O23: 1 | P23: 56 | Q23: =B23+MOD(6-WEEKDAY(B23,1),7) -> 46038 | R23: =IF(OR(I23="", J23=""),0,(J23-I23)*24-K23/60) -> 8.5 | S23: =IFERROR(__xludf.DUMMYFUNCTION("IFERROR( INDEX( FILTER( Reference!$F:$F, Reference!$A:$A = $E23, Reference!$E:$E = $D23, Reference!$C:$C = $Q23),1),""RATE_NOT_FOUND"")"),26.0) -> 26 | T23: =IF($S23="","", S23*R23) -> 221 | U23: =IF(OR(M23="",L23=""),0,(M23-L23)*24-N23/60) -> 4.95 | V23: =IF(OR(P23=0, G23="No Field Time"),0,P23/U23) -> 11.313131 | W23: =TEXT(B23,"dddd") -> Friday | X23: =IF(AND(OR(W23="Friday", W23="Saturday"), V23>=18), 50, 0) -> 0 | Y23: =IFERROR(__xludf.DUMMYFUNCTION("IFERROR( INDEX( FILTER(Reference!$D:$D, Reference!$A:$A=$E23, Reference!$C:$C=$Q23), 1),"""")"),46038.0) -> 46038 | Z23: =SUMIFS( $U:$U, $C:$C, $C23, $Q:$Q, $Q23 ) -> 4.95 | AA23: =IF(Z23=0,0, IF(Z23>=LOOKUP(Q23,MinHr_Weekly_Bonus!A:A,MinHr_Weekly_Bonus!B:B), LOOKUP(Q23,MinHr_Weekly_Bonus!A:A,MinHr_Weekly_Bonus!C:C), 0)) -> 0 | AB23: =T23+X23 -> 221 | AC23: =IF(AND(U23<1, V23>100, U23>0),"REVIEW: very high KPH","")
A24: Washington | B24: 46038 | C24: Maya Patel | D24: Canvasser | E24: Campaign A | F24: Door | G24: Regular | H24: Grace Nguyen | I24: 0.44444444 | J24: 0.78055556 | K24: 30 | L24: 0.48958333 | M24: 0.72916667 | N24: 50 | O24: 1 | P24: 89 | Q24: =B24+MOD(6-WEEKDAY(B24,1),7) -> 46038 | R24: =IF(OR(I24="", J24=""),0,(J24-I24)*24-K24/60) -> 7.5666667 | S24: =IFERROR(__xludf.DUMMYFUNCTION("IFERROR( INDEX( FILTER( Reference!$F:$F, Reference!$A:$A = $E24, Reference!$E:$E = $D24, Reference!$C:$C = $Q24),1),""RATE_NOT_FOUND"")"),24.0) -> 24 | T24: =IF($S24="","", S24*R24) -> 181.6 | U24: =IF(OR(M24="",L24=""),0,(M24-L24)*24-N24/60) -> 4.9166667 | V24: =IF(OR(P24=0, G24="No Field Time"),0,P24/U24) -> 18.101695 | W24: =TEXT(B24,"dddd") -> Friday | X24: =IF(AND(OR(W24="Friday", W24="Saturday"), V24>=18), 50, 0) -> 50 | Y24: =IFERROR(__xludf.DUMMYFUNCTION("IFERROR( INDEX( FILTER(Reference!$D:$D, Reference!$A:$A=$E24, Reference!$C:$C=$Q24), 1),"""")"),46038.0) -> 46038 | Z24: =SUMIFS( $U:$U, $C:$C, $C24, $Q:$Q, $Q24 ) -> 9.5833333 | AA24: =IF(Z24=0,0, IF(Z24>=LOOKUP(Q24,MinHr_Weekly_Bonus!A:A,MinHr_Weekly_Bonus!B:B), LOOKUP(Q24,MinHr_Weekly_Bonus!A:A,MinHr_Weekly_Bonus!C:C), 0)) -> 0 | AB24: =T24+X24 -> 231.6 | AC24: =IF(AND(U24<1, V24>100, U24>0),"REVIEW: very high KPH","")
A25: Washington | B25: 46038 | C25: Alejandro Cruz | D25: Canvasser | E25: Campaign A | F25: Door | G25: Regular | H25: Grace Nguyen | I25: 0.39583333 | J25: 0.78680556 | K25: 30 | L25: 0.50347222 | M25: 0.70833333 | N25: 70 | O25: 1 | P25: 62 | Q25: =B25+MOD(6-WEEKDAY(B25,1),7) -> 46038 | R25: =IF(OR(I25="", J25=""),0,(J25-I25)*24-K25/60) -> 8.8833333 | S25: =IFERROR(__xludf.DUMMYFUNCTION("IFERROR( INDEX( FILTER( Reference!$F:$F, Reference!$A:$A = $E25, Reference!$E:$E = $D25, Reference!$C:$C = $Q25),1),""RATE_NOT_FOUND"")"),24.0) -> 24 | T25: =IF($S25="","", S25*R25) -> 213.2 | U25: =IF(OR(M25="",L25=""),0,(M25-L25)*24-N25/60) -> 3.75 | V25: =IF(OR(P25=0, G25="No Field Time"),0,P25/U25) -> 16.533333 | W25: =TEXT(B25,"dddd") -> Friday | X25: =IF(AND(OR(W25="Friday", W25="Saturday"), V25>=18), 50, 0) -> 0 | Y25: =IFERROR(__xludf.DUMMYFUNCTION("IFERROR( INDEX( FILTER(Reference!$D:$D, Reference!$A:$A=$E25, Reference!$C:$C=$Q25), 1),"""")"),46038.0) -> 46038 | Z25: =SUMIFS( $U:$U, $C:$C, $C25, $Q:$Q, $Q25 ) -> 3.75 | AA25: =IF(Z25=0,0, IF(Z25>=LOOKUP(Q25,MinHr_Weekly_Bonus!A:A,MinHr_Weekly_Bonus!B:B), LOOKUP(Q25,MinHr_Weekly_Bonus!A:A,MinHr_Weekly_Bonus!C:C), 0)) -> 0 | AB25: =T25+X25 -> 213.2 | AC25: =IF(AND(U25<1, V25>100, U25>0),"REVIEW: very high KPH","")
A26: Washington | B26: 46038 | C26: Sofia Martinez | D26: Canvasser | E26: Campaign A | F26: Door | G26: Regular | H26: Grace Nguyen | I26: 0.44791667 | J26: 0.79027778 | K26: 30 | L26: 0.5 | M26: 0.72916667 | N26: 70 | O26: 1 | P26: 84 | Q26: =B26+MOD(6-WEEKDAY(B26,1),7) -> 46038 | R26: =IF(OR(I26="", J26=""),0,(J26-I26)*24-K26/60) -> 7.7166667 | S26: =IFERROR(__xludf.DUMMYFUNCTION("IFERROR( INDEX( FILTER( Reference!$F:$F, Reference!$A:$A = $E26, Reference!$E:$E = $D26, Reference!$C:$C = $Q26),1),""RATE_NOT_FOUND"")"),24.0) -> 24 | T26: =IF($S26="","", S26*R26) -> 185.2 | U26: =IF(OR(M26="",L26=""),0,(M26-L26)*24-N26/60) -> 4.3333333 | V26: =IF(OR(P26=0, G26="No Field Time"),0,P26/U26) -> 19.384615 | W26: =TEXT(B26,"dddd") -> Friday | X26: =IF(AND(OR(W26="Friday", W26="Saturday"), V26>=18), 50, 0) -> 50 | Y26: =IFERROR(__xludf.DUMMYFUNCTION("IFERROR( INDEX( FILTER(Reference!$D:$D, Reference!$A:$A=$E26, Reference!$C:$C=$Q26), 1),"""")"),46038.0) -> 46038 | Z26: =SUMIFS( $U:$U, $C:$C, $C26, $Q:$Q, $Q26 ) -> 9.25 | AA26: =IF(Z26=0,0, IF(Z26>=LOOKUP(Q26,MinHr_Weekly_Bonus!A:A,MinHr_Weekly_Bonus!B:B), LOOKUP(Q26,MinHr_Weekly_Bonus!A:A,MinHr_Weekly_Bonus!C:C), 0)) -> 0 | AB26: =T26+X26 -> 235.2 | AC26: =IF(AND(U26<1, V26>100, U26>0),"REVIEW: very high KPH","")
A27: Washington | B27: 46038 | C27: Carlos Ramirez | D27: Canvasser | E27: Campaign A | F27: Door | G27: Regular | H27: Grace Nguyen | I27: 0.47083333 | J27: 0.79166667 | K27: 30 | L27: 0.5 | M27: 0.72916667 | N27: 70 | O27: 1 | P27: 66 | Q27: =B27+MOD(6-WEEKDAY(B27,1),7) -> 46038 | R27: =IF(OR(I27="", J27=""),0,(J27-I27)*24-K27/60) -> 7.2 | S27: =IFERROR(__xludf.DUMMYFUNCTION("IFERROR( INDEX( FILTER( Reference!$F:$F, Reference!$A:$A = $E27, Reference!$E:$E = $D27, Reference!$C:$C = $Q27),1),""RATE_NOT_FOUND"")"),24.0) -> 24 | T27: =IF($S27="","", S27*R27) -> 172.8 | U27: =IF(OR(M27="",L27=""),0,(M27-L27)*24-N27/60) -> 4.3333333 | V27: =IF(OR(P27=0, G27="No Field Time"),0,P27/U27) -> 15.230769 | W27: =TEXT(B27,"dddd") -> Friday | X27: =IF(AND(OR(W27="Friday", W27="Saturday"), V27>=18), 50, 0) -> 0 | Y27: =IFERROR(__xludf.DUMMYFUNCTION("IFERROR( INDEX( FILTER(Reference!$D:$D, Reference!$A:$A=$E27, Reference!$C:$C=$Q27), 1),"""")"),46038.0) -> 46038 | Z27: =SUMIFS( $U:$U, $C:$C, $C27, $Q:$Q, $Q27 ) -> 9.0833333 | AA27: =IF(Z27=0,0, IF(Z27>=LOOKUP(Q27,MinHr_Weekly_Bonus!A:A,MinHr_Weekly_Bonus!B:B), LOOKUP(Q27,MinHr_Weekly_Bonus!A:A,MinHr_Weekly_Bonus!C:C), 0)) -> 0 | AB27: =T27+X27 -> 172.8 | AC27: =IF(AND(U27<1, V27>100, U27>0),"REVIEW: very high KPH","")
A28: Washington | B28: 46039 | C28: Aisha Johnson | D28: Team Lead | E28: Campaign A | F28: Door | G28: Regular | H28: Aisha Johnson | I28: 0.42361111 | J28: 0.78194444 | K28: 30 | L28: 0.47569444 | M28: 0.72916667 | N28: 90 | O28: 1 | P28: 80 | Q28: =B28+MOD(6-WEEKDAY(B28,1),7) -> 46045 | R28: =IF(OR(I28="", J28=""),0,(J28-I28)*24-K28/60) -> 8.1 | S28: =IFERROR(__xludf.DUMMYFUNCTION("IFERROR( INDEX( FILTER( Reference!$F:$F, Reference!$A:$A = $E28, Reference!$E:$E = $D28, Reference!$C:$C = $Q28),1),""RATE_NOT_FOUND"")"),26.0) -> 26 | T28: =IF($S28="","", S28*R28) -> 210.6 | U28: =IF(OR(M28="",L28=""),0,(M28-L28)*24-N28/60) -> 4.5833333 | V28: =IF(OR(P28=0, G28="No Field Time"),0,P28/U28) -> 17.454545 | W28: =TEXT(B28,"dddd") -> Saturday | X28: =IF(AND(OR(W28="Friday", W28="Saturday"), V28>=18), 50, 0) -> 0 | Y28: =IFERROR(__xludf.DUMMYFUNCTION("IFERROR( INDEX( FILTER(Reference!$D:$D, Reference!$A:$A=$E28, Reference!$C:$C=$Q28), 1),"""")"),46052.0) -> 46052 | Z28: =SUMIFS( $U:$U, $C:$C, $C28, $Q:$Q, $Q28 ) -> 23.833333 | AA28: =IF(Z28=0,0, IF(Z28>=LOOKUP(Q28,MinHr_Weekly_Bonus!A:A,MinHr_Weekly_Bonus!B:B), LOOKUP(Q28,MinHr_Weekly_Bonus!A:A,MinHr_Weekly_Bonus!C:C), 0)) -> 100 | AB28: =T28+X28 -> 210.6 | AC28: =IF(AND(U28<1, V28>100, U28>0),"REVIEW: very high KPH","")
A29: Washington | B29: 46039 | C29: Hannah O’Connor | D29: Canvasser | E29: Campaign A | F29: Door | G29: Regular | H29: Aisha Johnson | I29: 0.39583333 | J29: 0.76041667 | K29: 30 | L29: 0.47569444 | M29: 0.72916667 | N29: 90 | O29: 1 | P29: 105 | Q29: =B29+MOD(6-WEEKDAY(B29,1),7) -> 46045 | R29: =IF(OR(I29="", J29=""),0,(J29-I29)*24-K29/60) -> 8.25 | S29: =IFERROR(__xludf.DUMMYFUNCTION("IFERROR( INDEX( FILTER( Reference!$F:$F, Reference!$A:$A = $E29, Reference!$E:$E = $D29, Reference!$C:$C = $Q29),1),""RATE_NOT_FOUND"")"),24.0) -> 24 | T29: =IF($S29="","", S29*R29) -> 198 | U29: =IF(OR(M29="",L29=""),0,(M29-L29)*24-N29/60) -> 4.5833333 | V29: =IF(OR(P29=0, G29="No Field Time"),0,P29/U29) -> 22.909091 | W29: =TEXT(B29,"dddd") -> Saturday | X29: =IF(AND(OR(W29="Friday", W29="Saturday"), V29>=18), 50, 0) -> 50 | Y29: =IFERROR(__xludf.DUMMYFUNCTION("IFERROR( INDEX( FILTER(Reference!$D:$D, Reference!$A:$A=$E29, Reference!$C:$C=$Q29), 1),"""")"),46052.0) -> 46052 | Z29: =SUMIFS( $U:$U, $C:$C, $C29, $Q:$Q, $Q29 ) -> 9.4166667 | AA29: =IF(Z29=0,0, IF(Z29>=LOOKUP(Q29,MinHr_Weekly_Bonus!A:A,MinHr_Weekly_Bonus!B:B), LOOKUP(Q29,MinHr_Weekly_Bonus!A:A,MinHr_Weekly_Bonus!C:C), 0)) -> 0 | AB29: =T29+X29 -> 248 | AC29: =IF(AND(U29<1, V29>100, U29>0),"REVIEW: very high KPH","")
A30: Washington | B30: 46039 | C30: Jamal Washington | D30: Canvasser | E30: Campaign A | F30: Door | G30: Regular | H30: Aisha Johnson | I30: 0.39583333 | J30: 0.77777778 | K30: 30 | L30: 0.47569444 | M30: 0.72916667 | N30: 90 | O30: 1 | P30: 82 | Q30: =B30+MOD(6-WEEKDAY(B30,1),7) -> 46045 | R30: =IF(OR(I30="", J30=""),0,(J30-I30)*24-K30/60) -> 8.6666667 | S30: =IFERROR(__xludf.DUMMYFUNCTION("IFERROR( INDEX( FILTER( Reference!$F:$F, Reference!$A:$A = $E30, Reference!$E:$E = $D30, Reference!$C:$C = $Q30),1),""RATE_NOT_FOUND"")"),24.0) -> 24 | T30: =IF($S30="","", S30*R30) -> 208 | U30: =IF(OR(M30="",L30=""),0,(M30-L30)*24-N30/60) -> 4.5833333 | V30: =IF(OR(P30=0, G30="No Field Time"),0,P30/U30) -> 17.890909 | W30: =TEXT(B30,"dddd") -> Saturday | X30: =IF(AND(OR(W30="Friday", W30="Saturday"), V30>=18), 50, 0) -> 0 | Y30: =IFERROR(__xludf.DUMMYFUNCTION("IFERROR( INDEX( FILTER(Reference!$D:$D, Reference!$A:$A=$E30, Reference!$C:$C=$Q30), 1),"""")"),46052.0) -> 46052 | Z30: =SUMIFS( $U:$U, $C:$C, $C30, $Q:$Q, $Q30 ) -> 9.5833333 | AA30: =IF(Z30=0,0, IF(Z30>=LOOKUP(Q30,MinHr_Weekly_Bonus!A:A,MinHr_Weekly_Bonus!B:B), LOOKUP(Q30,MinHr_Weekly_Bonus!A:A,MinHr_Weekly_Bonus!C:C), 0)) -> 0 | AB30: =T30+X30 -> 208 | AC30: =IF(AND(U30<1, V30>100, U30>0),"REVIEW: very high KPH","")
A31: Washington | B31: 46039 | C31: Linh Tran | D31: Canvasser | E31: Campaign A | F31: Door | G31: Regular | H31: Aisha Johnson | I31: 0.39583333 | J31: 0.75694444 | K31: 30 | L31: 0.47569444 | M31: 0.72916667 | N31: 90 | O31: 1 | P31: 109 | Q31: =B31+MOD(6-WEEKDAY(B31,1),7) -> 46045 | R31: =IF(OR(I31="", J31=""),0,(J31-I31)*24-K31/60) -> 8.1666667 | S31: =IFERROR(__xludf.DUMMYFUNCTION("IFERROR( INDEX( FILTER( Reference!$F:$F, Reference!$A:$A = $E31, Reference!$E:$E = $D31, Reference!$C:$C = $Q31),1),""RATE_NOT_FOUND"")"),24.0) -> 24 | T31: =IF($S31="","", S31*R31) -> 196 | U31: =IF(OR(M31="",L31=""),0,(M31-L31)*24-N31/60) -> 4.5833333 | V31: =IF(OR(P31=0, G31="No Field Time"),0,P31/U31) -> 23.781818 | W31: =TEXT(B31,"dddd") -> Saturday | X31: =IF(AND(OR(W31="Friday", W31="Saturday"), V31>=18), 50, 0) -> 50 | Y31: =IFERROR(__xludf.DUMMYFUNCTION("IFERROR( INDEX( FILTER(Reference!$D:$D, Reference!$A:$A=$E31, Reference!$C:$C=$Q31), 1),"""")"),46052.0) -> 46052 | Z31: =SUMIFS( $U:$U, $C:$C, $C31, $Q:$Q, $Q31 ) -> 4.5833333 | AA31: =IF(Z31=0,0, IF(Z31>=LOOKUP(Q31,MinHr_Weekly_Bonus!A:A,MinHr_Weekly_Bonus!B:B), LOOKUP(Q31,MinHr_Weekly_Bonus!A:A,MinHr_Weekly_Bonus!C:C), 0)) -> 0 | AB31: =T31+X31 -> 246 | AC31: =IF(AND(U31<1, V31>100, U31>0),"REVIEW: very high KPH","")
A32: Washington | B32: 46039 | C32: Olivia Bennett | D32: Canvasser | E32: Campaign A | F32: Door | G32: Regular | H32: Aisha Johnson | I32: 0.39583333 | J32: 0.76388889 | K32: 30 | L32: 0.49097222 | M32: 0.72916667 | N32: 50 | O32: 1 | P32: 111 | Q32: =B32+MOD(6-WEEKDAY(B32,1),7) -> 46045 | R32: =IF(OR(I32="", J32=""),0,(J32-I32)*24-K32/60) -> 8.3333333 | S32: =IFERROR(__xludf.DUMMYFUNCTION("IFERROR( INDEX( FILTER( Reference!$F:$F, Reference!$A:$A = $E32, Reference!$E:$E = $D32, Reference!$C:$C = $Q32),1),""RATE_NOT_FOUND"")"),24.0) -> 24 | T32: =IF($S32="","", S32*R32) -> 200 | U32: =IF(OR(M32="",L32=""),0,(M32-L32)*24-N32/60) -> 4.8833333 | V32: =IF(OR(P32=0, G32="No Field Time"),0,P32/U32) -> 22.730375 | W32: =TEXT(B32,"dddd") -> Saturday | X32: =IF(AND(OR(W32="Friday", W32="Saturday"), V32>=18), 50, 0) -> 50 | Y32: =IFERROR(__xludf.DUMMYFUNCTION("IFERROR( INDEX( FILTER(Reference!$D:$D, Reference!$A:$A=$E32, Reference!$C:$C=$Q32), 1),"""")"),46052.0) -> 46052 | Z32: =SUMIFS( $U:$U, $C:$C, $C32, $Q:$Q, $Q32 ) -> 14.216667 | AA32: =IF(Z32=0,0, IF(Z32>=LOOKUP(Q32,MinHr_Weekly_Bonus!A:A,MinHr_Weekly_Bonus!B:B), LOOKUP(Q32,MinHr_Weekly_Bonus!A:A,MinHr_Weekly_Bonus!C:C), 0)) -> 0 | AB32: =T32+X32 -> 250 | AC32: =IF(AND(U32<1, V32>100, U32>0),"REVIEW: very high KPH","")
A33: Washington | B33: 46039 | C33: Rohan Mehta | D33: Canvasser | E33: Campaign A | F33: Door | G33: Regular | H33: Aisha Johnson | I33: 0.39583333 | J33: 0.76736111 | K33: 30 | L33: 0.49097222 | M33: 0.72916667 | N33: 50 | O33: 1 | P33: 72 | Q33: =B33+MOD(6-WEEKDAY(B33,1),7) -> 46045 | R33: =IF(OR(I33="", J33=""),0,(J33-I33)*24-K33/60) -> 8.4166667 | S33: =IFERROR(__xludf.DUMMYFUNCTION("IFERROR( INDEX( FILTER( Reference!$F:$F, Reference!$A:$A = $E33, Reference!$E:$E = $D33, Reference!$C:$C = $Q33),1),""RATE_NOT_FOUND"")"),24.0) -> 24 | T33: =IF($S33="","", S33*R33) -> 202 | U33: =IF(OR(M33="",L33=""),0,(M33-L33)*24-N33/60) -> 4.8833333 | V33: =IF(OR(P33=0, G33="No Field Time"),0,P33/U33) -> 14.744027 | W33: =TEXT(B33,"dddd") -> Saturday | X33: =IF(AND(OR(W33="Friday", W33="Saturday"), V33>=18), 50, 0) -> 0 | Y33: =IFERROR(__xludf.DUMMYFUNCTION("IFERROR( INDEX( FILTER(Reference!$D:$D, Reference!$A:$A=$E33, Reference!$C:$C=$Q33), 1),"""")"),46052.0) -> 46052 | Z33: =SUMIFS( $U:$U, $C:$C, $C33, $Q:$Q, $Q33 ) -> 15.133333 | AA33: =IF(Z33=0,0, IF(Z33>=LOOKUP(Q33,MinHr_Weekly_Bonus!A:A,MinHr_Weekly_Bonus!B:B), LOOKUP(Q33,MinHr_Weekly_Bonus!A:A,MinHr_Weekly_Bonus!C:C), 0)) -> 0 | AB33: =T33+X33 -> 202 | AC33: =IF(AND(U33<1, V33>100, U33>0),"REVIEW: very high KPH","")
A34: Washington | B34: 46039 | C34: Isabella Flores | D34: Canvasser | E34: Campaign A | F34: Door | G34: Regular | H34: Aisha Johnson | I34: 0.39583333 | J34: 0.77083333 | K34: 30 | L34: 0.47847222 | M34: 0.72916667 | N34: 60 | O34: 1 | P34: 97 | Q34: =B34+MOD(6-WEEKDAY(B34,1),7) -> 46045 | R34: =IF(OR(I34="", J34=""),0,(J34-I34)*24-K34/60) -> 8.5 | S34: =IFERROR(__xludf.DUMMYFUNCTION("IFERROR( INDEX( FILTER( Reference!$F:$F, Reference!$A:$A = $E34, Reference!$E:$E = $D34, Reference!$C:$C = $Q34),1),""RATE_NOT_FOUND"")"),24.0) -> 24 | T34: =IF($S34="","", S34*R34) -> 204 | U34: =IF(OR(M34="",L34=""),0,(M34-L34)*24-N34/60) -> 5.0166667 | V34: =IF(OR(P34=0, G34="No Field Time"),0,P34/U34) -> 19.335548 | W34: =TEXT(B34,"dddd") -> Saturday | X34: =IF(AND(OR(W34="Friday", W34="Saturday"), V34>=18), 50, 0) -> 50 | Y34: =IFERROR(__xludf.DUMMYFUNCTION("IFERROR( INDEX( FILTER(Reference!$D:$D, Reference!$A:$A=$E34, Reference!$C:$C=$Q34), 1),"""")"),46052.0) -> 46052 | Z34: =SUMIFS( $U:$U, $C:$C, $C34, $Q:$Q, $Q34 ) -> 24.716667 | AA34: =IF(Z34=0,0, IF(Z34>=LOOKUP(Q34,MinHr_Weekly_Bonus!A:A,MinHr_Weekly_Bonus!B:B), LOOKUP(Q34,MinHr_Weekly_Bonus!A:A,MinHr_Weekly_Bonus!C:C), 0)) -> 100 | AB34: =T34+X34 -> 254 | AC34: =IF(AND(U34<1, V34>100, U34>0),"REVIEW: very high KPH","")
A35: Washington | B35: 46039 | C35: Maya Patel | D35: Team Lead | E35: Campaign B | F35: Door | G35: Regular | H35: Maya Patel | I35: 0.42361111 | J35: 0.78194444 | K35: 30 | L35: 0.47847222 | M35: 0.72916667 | N35: 75 | O35: 1 | P35: 66 | Q35: =B35+MOD(6-WEEKDAY(B35,1),7) -> 46045 | R35: =IF(OR(I35="", J35=""),0,(J35-I35)*24-K35/60) -> 8.1 | S35: =IFERROR(__xludf.DUMMYFUNCTION("IFERROR( INDEX( FILTER( Reference!$F:$F, Reference!$A:$A = $E35, Reference!$E:$E = $D35, Reference!$C:$C = $Q35),1),""RATE_NOT_FOUND"")"),26.0) -> 26 | T35: =IF($S35="","", S35*R35) -> 210.6 | U35: =IF(OR(M35="",L35=""),0,(M35-L35)*24-N35/60) -> 4.7666667 | V35: =IF(OR(P35=0, G35="No Field Time"),0,P35/U35) -> 13.846154 | W35: =TEXT(B35,"dddd") -> Saturday | X35: =IF(AND(OR(W35="Friday", W35="Saturday"), V35>=18), 50, 0) -> 0 | Y35: =IFERROR(__xludf.DUMMYFUNCTION("IFERROR( INDEX( FILTER(Reference!$D:$D, Reference!$A:$A=$E35, Reference!$C:$C=$Q35), 1),"""")"),46052.0) -> 46052 | Z35: =SUMIFS( $U:$U, $C:$C, $C35, $Q:$Q, $Q35 ) -> 24.433333 | AA35: =IF(Z35=0,0, IF(Z35>=LOOKUP(Q35,MinHr_Weekly_Bonus!A:A,MinHr_Weekly_Bonus!B:B), LOOKUP(Q35,MinHr_Weekly_Bonus!A:A,MinHr_Weekly_Bonus!C:C), 0)) -> 100 | AB35: =T35+X35 -> 210.6 | AC35: =IF(AND(U35<1, V35>100, U35>0),"REVIEW: very high KPH","")
A36: Washington | B36: 46039 | C36: Alejandro Cruz | D36: Canvasser | E36: Campaign B | F36: Door | G36: Regular | H36: Maya Patel | I36: 0.44861111 | J36: 0.78680556 | K36: 30 | L36: 0.47847222 | M36: 0.72916667 | N36: 50 | O36: 1 | P36: 57 | Q36: =B36+MOD(6-WEEKDAY(B36,1),7) -> 46045 | R36: =IF(OR(I36="", J36=""),0,(J36-I36)*24-K36/60) -> 7.6166667 | S36: =IFERROR(__xludf.DUMMYFUNCTION("IFERROR( INDEX( FILTER( Reference!$F:$F, Reference!$A:$A = $E36, Reference!$E:$E = $D36, Reference!$C:$C = $Q36),1),""RATE_NOT_FOUND"")"),24.0) -> 24 | T36: =IF($S36="","", S36*R36) -> 182.8 | U36: =IF(OR(M36="",L36=""),0,(M36-L36)*24-N36/60) -> 5.1833333 | V36: =IF(OR(P36=0, G36="No Field Time"),0,P36/U36) -> 10.996785 | W36: =TEXT(B36,"dddd") -> Saturday | X36: =IF(AND(OR(W36="Friday", W36="Saturday"), V36>=18), 50, 0) -> 0 | Y36: =IFERROR(__xludf.DUMMYFUNCTION("IFERROR( INDEX( FILTER(Reference!$D:$D, Reference!$A:$A=$E36, Reference!$C:$C=$Q36), 1),"""")"),46052.0) -> 46052 | Z36: =SUMIFS( $U:$U, $C:$C, $C36, $Q:$Q, $Q36 ) -> 25.35 | AA36: =IF(Z36=0,0, IF(Z36>=LOOKUP(Q36,MinHr_Weekly_Bonus!A:A,MinHr_Weekly_Bonus!B:B), LOOKUP(Q36,MinHr_Weekly_Bonus!A:A,MinHr_Weekly_Bonus!C:C), 0)) -> 100 | AB36: =T36+X36 -> 182.8 | AC36: =IF(AND(U36<1, V36>100, U36>0),"REVIEW: very high KPH","")
A37: Washington | B37: 46039 | C37: Samuel Wright | D37: Canvasser | E37: Campaign B | F37: Door | G37: Regular | H37: Maya Patel | I37: 0.39583333 | J37: 0.77569444 | K37: 30 | L37: 0.48263889 | M37: 0.72916667 | N37: 50 | O37: 1 | P37: 55 | Q37: =B37+MOD(6-WEEKDAY(B37,1),7) -> 46045 | R37: =IF(OR(I37="", J37=""),0,(J37-I37)*24-K37/60) -> 8.6166667 | S37: =IFERROR(__xludf.DUMMYFUNCTION("IFERROR( INDEX( FILTER( Reference!$F:$F, Reference!$A:$A = $E37, Reference!$E:$E = $D37, Reference!$C:$C = $Q37),1),""RATE_NOT_FOUND"")"),24.0) -> 24 | T37: =IF($S37="","", S37*R37) -> 206.8 | U37: =IF(OR(M37="",L37=""),0,(M37-L37)*24-N37/60) -> 5.0833333 | V37: =IF(OR(P37=0, G37="No Field Time"),0,P37/U37) -> 10.819672 | W37: =TEXT(B37,"dddd") -> Saturday | X37: =IF(AND(OR(W37="Friday", W37="Saturday"), V37>=18), 50, 0) -> 0 | Y37: =IFERROR(__xludf.DUMMYFUNCTION("IFERROR( INDEX( FILTER(Reference!$D:$D, Reference!$A:$A=$E37, Reference!$C:$C=$Q37), 1),"""")"),46052.0) -> 46052 | Z37: =SUMIFS( $U:$U, $C:$C, $C37, $Q:$Q, $Q37 ) -> 19.166667 | AA37: =IF(Z37=0,0, IF(Z37>=LOOKUP(Q37,MinHr_Weekly_Bonus!A:A,MinHr_Weekly_Bonus!B:B), LOOKUP(Q37,MinHr_Weekly_Bonus!A:A,MinHr_Weekly_Bonus!C:C), 0)) -> 0 | AB37: =T37+X37 -> 206.8 | AC37: =IF(AND(U37<1, V37>100, U37>0),"REVIEW: very high KPH","")
A38: Washington | B38: 46039 | C38: Caleb Robinson | D38: Canvasser | E38: Campaign B | F38: Door | G38: Regular | H38: Maya Patel | I38: 0.39583333 | J38: 0.78125 | K38: 30 | L38: 0.48263889 | M38: 0.72916667 | N38: 50 | O38: 1 | P38: 106 | Q38: =B38+MOD(6-WEEKDAY(B38,1),7) -> 46045 | R38: =IF(OR(I38="", J38=""),0,(J38-I38)*24-K38/60) -> 8.75 | S38: =IFERROR(__xludf.DUMMYFUNCTION("IFERROR( INDEX( FILTER( Reference!$F:$F, Reference!$A:$A = $E38, Reference!$E:$E = $D38, Reference!$C:$C = $Q38),1),""RATE_NOT_FOUND"")"),24.0) -> 24 | T38: =IF($S38="","", S38*R38) -> 210 | U38: =IF(OR(M38="",L38=""),0,(M38-L38)*24-N38/60) -> 5.0833333 | V38: =IF(OR(P38=0, G38="No Field Time"),0,P38/U38) -> 20.852459 | W38: =TEXT(B38,"dddd") -> Saturday | X38: =IF(AND(OR(W38="Friday", W38="Saturday"), V38>=18), 50, 0) -> 50 | Y38: =IFERROR(__xludf.DUMMYFUNCTION("IFERROR( INDEX( FILTER(Reference!$D:$D, Reference!$A:$A=$E38, Reference!$C:$C=$Q38), 1),"""")"),46052.0) -> 46052 | Z38: =SUMIFS( $U:$U, $C:$C, $C38, $Q:$Q, $Q38 ) -> 5.0833333 | AA38: =IF(Z38=0,0, IF(Z38>=LOOKUP(Q38,MinHr_Weekly_Bonus!A:A,MinHr_Weekly_Bonus!B:B), LOOKUP(Q38,MinHr_Weekly_Bonus!A:A,MinHr_Weekly_Bonus!C:C), 0)) -> 0 | AB38: =T38+X38 -> 260 | AC38: =IF(AND(U38<1, V38>100, U38>0),"REVIEW: very high KPH","")
A39: Washington | B39: 46039 | C39: Grace Nguyen | D39: Canvasser | E39: Campaign B | F39: Door | G39: Regular | H39: Maya Patel | I39: 0.44583333 | J39: 0.82430556 | K39: 30 | L39: 0.48263889 | M39: 0.72916667 | N39: 50 | O39: 1 | P39: 110 | Q39: =B39+MOD(6-WEEKDAY(B39,1),7) -> 46045 | R39: =IF(OR(I39="", J39=""),0,(J39-I39)*24-K39/60) -> 8.5833333 | S39: =IFERROR(__xludf.DUMMYFUNCTION("IFERROR( INDEX( FILTER( Reference!$F:$F, Reference!$A:$A = $E39, Reference!$E:$E = $D39, Reference!$C:$C = $Q39),1),""RATE_NOT_FOUND"")"),24.0) -> 24 | T39: =IF($S39="","", S39*R39) -> 206 | U39: =IF(OR(M39="",L39=""),0,(M39-L39)*24-N39/60) -> 5.0833333 | V39: =IF(OR(P39=0, G39="No Field Time"),0,P39/U39) -> 21.639344 | W39: =TEXT(B39,"dddd") -> Saturday | X39: =IF(AND(OR(W39="Friday", W39="Saturday"), V39>=18), 50, 0) -> 50 | Y39: =IFERROR(__xludf.DUMMYFUNCTION("IFERROR( INDEX( FILTER(Reference!$D:$D, Reference!$A:$A=$E39, Reference!$C:$C=$Q39), 1),"""")"),46052.0) -> 46052 | Z39: =SUMIFS( $U:$U, $C:$C, $C39, $Q:$Q, $Q39 ) -> 19.366667 | AA39: =IF(Z39=0,0, IF(Z39>=LOOKUP(Q39,MinHr_Weekly_Bonus!A:A,MinHr_Weekly_Bonus!B:B), LOOKUP(Q39,MinHr_Weekly_Bonus!A:A,MinHr_Weekly_Bonus!C:C), 0)) -> 0 | AB39: =T39+X39 -> 256 | AC39: =IF(AND(U39<1, V39>100, U39>0),"REVIEW: very high KPH","")
A40: Washington | B40: 46039 | C40: Sofia Martinez | D40: Canvasser | E40: Campaign B | F40: Door | G40: Regular | H40: Maya Patel | I40: 0.44652778 | J40: 0.79166667 | K40: 30 | L40: 0.48611111 | M40: 0.72916667 | N40: 60 | O40: 1 | P40: 52 | Q40: =B40+MOD(6-WEEKDAY(B40,1),7) -> 46045 | R40: =IF(OR(I40="", J40=""),0,(J40-I40)*24-K40/60) -> 7.7833333 | S40: =IFERROR(__xludf.DUMMYFUNCTION("IFERROR( INDEX( FILTER( Reference!$F:$F, Reference!$A:$A = $E40, Reference!$E:$E = $D40, Reference!$C:$C = $Q40),1),""RATE_NOT_FOUND"")"),24.0) -> 24 | T40: =IF($S40="","", S40*R40) -> 186.8 | U40: =IF(OR(M40="",L40=""),0,(M40-L40)*24-N40/60) -> 4.8333333 | V40: =IF(OR(P40=0, G40="No Field Time"),0,P40/U40) -> 10.758621 | W40: =TEXT(B40,"dddd") -> Saturday | X40: =IF(AND(OR(W40="Friday", W40="Saturday"), V40>=18), 50, 0) -> 0 | Y40: =IFERROR(__xludf.DUMMYFUNCTION("IFERROR( INDEX( FILTER(Reference!$D:$D, Reference!$A:$A=$E40, Reference!$C:$C=$Q40), 1),"""")"),46052.0) -> 46052 | Z40: =SUMIFS( $U:$U, $C:$C, $C40, $Q:$Q, $Q40 ) -> 4.8333333 | AA40: =IF(Z40=0,0, IF(Z40>=LOOKUP(Q40,MinHr_Weekly_Bonus!A:A,MinHr_Weekly_Bonus!B:B), LOOKUP(Q40,MinHr_Weekly_Bonus!A:A,MinHr_Weekly_Bonus!C:C), 0)) -> 0 | AB40: =T40+X40 -> 186.8 | AC40: =IF(AND(U40<1, V40>100, U40>0),"REVIEW: very high KPH","")
A41: Washington | B41: 46039 | C41: Zainab Ali | D41: Support Staff | E41: Campaign A | F41: Door | G41: Regular | I41: 0.64583333 | J41: 0.83333333 | K41: 0 | O41: 1 | Q41: =B41+MOD(6-WEEKDAY(B41,1),7) -> 46045 | R41: =IF(OR(I41="", J41=""),0,(J41-I41)*24-K41/60) -> 4.5 | S41: =IFERROR(__xludf.DUMMYFUNCTION("IFERROR( INDEX( FILTER( Reference!$F:$F, Reference!$A:$A = $E41, Reference!$E:$E = $D41, Reference!$C:$C = $Q41),1),""RATE_NOT_FOUND"")"),22.0) -> 22 | T41: =IF($S41="","", S41*R41) -> 99 | U41: =IF(OR(M41="",L41=""),0,(M41-L41)*24-N41/60) -> 0 | V41: =IF(OR(P41=0, G41="No Field Time"),0,P41/U41) -> 0 | W41: =TEXT(B41,"dddd") -> Saturday | X41: =IF(AND(OR(W41="Friday", W41="Saturday"), V41>=18), 50, 0) -> 0 | Y41: =IFERROR(__xludf.DUMMYFUNCTION("IFERROR( INDEX( FILTER(Reference!$D:$D, Reference!$A:$A=$E41, Reference!$C:$C=$Q41), 1),"""")"),46052.0) -> 46052 | Z41: =SUMIFS( $U:$U, $C:$C, $C41, $Q:$Q, $Q41 ) -> 0 | AA41: =IF(Z41=0,0, IF(Z41>=LOOKUP(Q41,MinHr_Weekly_Bonus!A:A,MinHr_Weekly_Bonus!B:B), LOOKUP(Q41,MinHr_Weekly_Bonus!A:A,MinHr_Weekly_Bonus!C:C), 0)) -> 0 | AB41: =T41+X41 -> 99 | AC41: =IF(AND(U41<1, V41>100, U41>0),"REVIEW: very high KPH","")
A42: Washington | B42: 46040 | C42: Ethan Brooks | D42: Team Lead | E42: Campaign B | F42: Door | G42: Regular | H42: Ethan Brooks | I42: 0.44444444 | J42: 0.74513889 | K42: 30 | L42: 0.47916667 | M42: 0.72222222 | N42: 60 | O42: 1 | P42: 75 | Q42: =B42+MOD(6-WEEKDAY(B42,1),7) -> 46045 | R42: =IF(OR(I42="", J42=""),0,(J42-I42)*24-K42/60) -> 6.7166667 | S42: =IFERROR(__xludf.DUMMYFUNCTION("IFERROR( INDEX( FILTER( Reference!$F:$F, Reference!$A:$A = $E42, Reference!$E:$E = $D42, Reference!$C:$C = $Q42),1),""RATE_NOT_FOUND"")"),26.0) -> 26 | T42: =IF($S42="","", S42*R42) -> 174.63333 | U42: =IF(OR(M42="",L42=""),0,(M42-L42)*24-N42/60) -> 4.8333333 | V42: =IF(OR(P42=0, G42="No Field Time"),0,P42/U42) -> 15.517241 | W42: =TEXT(B42,"dddd") -> Sunday | X42: =IF(AND(OR(W42="Friday", W42="Saturday"), V42>=18), 50, 0) -> 0 | Y42: =IFERROR(__xludf.DUMMYFUNCTION("IFERROR( INDEX( FILTER(Reference!$D:$D, Reference!$A:$A=$E42, Reference!$C:$C=$Q42), 1),"""")"),46052.0) -> 46052 | Z42: =SUMIFS( $U:$U, $C:$C, $C42, $Q:$Q, $Q42 ) -> 19.75 | AA42: =IF(Z42=0,0, IF(Z42>=LOOKUP(Q42,MinHr_Weekly_Bonus!A:A,MinHr_Weekly_Bonus!B:B), LOOKUP(Q42,MinHr_Weekly_Bonus!A:A,MinHr_Weekly_Bonus!C:C), 0)) -> 0 | AB42: =T42+X42 -> 174.63333 | AC42: =IF(AND(U42<1, V42>100, U42>0),"REVIEW: very high KPH","")
A43: Washington | B43: 46040 | C43: Samuel Wright | D43: Canvasser | E43: Campaign B | F43: Door | G43: Regular | H43: Ethan Brooks | I43: 0.39583333 | J43: 0.73958333 | K43: 30 | L43: 0.48263889 | M43: 0.71527778 | N43: 50 | O43: 1 | P43: 106 | Q43: =B43+MOD(6-WEEKDAY(B43,1),7) -> 46045 | R43: =IF(OR(I43="", J43=""),0,(J43-I43)*24-K43/60) -> 7.75 | S43: =IFERROR(__xludf.DUMMYFUNCTION("IFERROR( INDEX( FILTER( Reference!$F:$F, Reference!$A:$A = $E43, Reference!$E:$E = $D43, Reference!$C:$C = $Q43),1),""RATE_NOT_FOUND"")"),24.0) -> 24 | T43: =IF($S43="","", S43*R43) -> 186 | U43: =IF(OR(M43="",L43=""),0,(M43-L43)*24-N43/60) -> 4.75 | V43: =IF(OR(P43=0, G43="No Field Time"),0,P43/U43) -> 22.315789 | W43: =TEXT(B43,"dddd") -> Sunday | X43: =IF(AND(OR(W43="Friday", W43="Saturday"), V43>=18), 50, 0) -> 0 | Y43: =IFERROR(__xludf.DUMMYFUNCTION("IFERROR( INDEX( FILTER(Reference!$D:$D, Reference!$A:$A=$E43, Reference!$C:$C=$Q43), 1),"""")"),46052.0) -> 46052 | Z43: =SUMIFS( $U:$U, $C:$C, $C43, $Q:$Q, $Q43 ) -> 19.166667 | AA43: =IF(Z43=0,0, IF(Z43>=LOOKUP(Q43,MinHr_Weekly_Bonus!A:A,MinHr_Weekly_Bonus!B:B), LOOKUP(Q43,MinHr_Weekly_Bonus!A:A,MinHr_Weekly_Bonus!C:C), 0)) -> 0 | AB43: =T43+X43 -> 186 | AC43: =IF(AND(U43<1, V43>100, U43>0),"REVIEW: very high KPH","")
A44: Washington | B44: 46040 | C44: Fatima Hassan | D44: Canvasser | E44: Campaign B | F44: Door | G44: Regular | H44: Ethan Brooks | I44: 0.44652778 | J44: 0.74236111 | K44: 30 | L44: 0.48263889 | M44: 0.71527778 | N44: 50 | O44: 1 | P44: 55 | Q44: =B44+MOD(6-WEEKDAY(B44,1),7) -> 46045 | R44: =IF(OR(I44="", J44=""),0,(J44-I44)*24-K44/60) -> 6.6 | S44: =IFERROR(__xludf.DUMMYFUNCTION("IFERROR( INDEX( FILTER( Reference!$F:$F, Reference!$A:$A = $E44, Reference!$E:$E = $D44, Reference!$C:$C = $Q44),1),""RATE_NOT_FOUND"")"),24.0) -> 24 | T44: =IF($S44="","", S44*R44) -> 158.4 | U44: =IF(OR(M44="",L44=""),0,(M44-L44)*24-N44/60) -> 4.75 | V44: =IF(OR(P44=0, G44="No Field Time"),0,P44/U44) -> 11.578947 | W44: =TEXT(B44,"dddd") -> Sunday | X44: =IF(AND(OR(W44="Friday", W44="Saturday"), V44>=18), 50, 0) -> 0 | Y44: =IFERROR(__xludf.DUMMYFUNCTION("IFERROR( INDEX( FILTER(Reference!$D:$D, Reference!$A:$A=$E44, Reference!$C:$C=$Q44), 1),"""")"),46052.0) -> 46052 | Z44: =SUMIFS( $U:$U, $C:$C, $C44, $Q:$Q, $Q44 ) -> 24.916667 | AA44: =IF(Z44=0,0, IF(Z44>=LOOKUP(Q44,MinHr_Weekly_Bonus!A:A,MinHr_Weekly_Bonus!B:B), LOOKUP(Q44,MinHr_Weekly_Bonus!A:A,MinHr_Weekly_Bonus!C:C), 0)) -> 100 | AB44: =T44+X44 -> 158.4 | AC44: =IF(AND(U44<1, V44>100, U44>0),"REVIEW: very high KPH","")
A45: Washington | B45: 46040 | C45: Marcus Thompson | D45: Canvasser | E45: Campaign B | F45: Door | G45: Regular | H45: Ethan Brooks | I45: 0.44652778 | J45: 0.77083333 | K45: 30 | L45: 0.48611111 | M45: 0.72916667 | N45: 50 | O45: 1 | P45: 66 | Q45: =B45+MOD(6-WEEKDAY(B45,1),7) -> 46045 | R45: =IF(OR(I45="", J45=""),0,(J45-I45)*24-K45/60) -> 7.2833333 | S45: =IFERROR(__xludf.DUMMYFUNCTION("IFERROR( INDEX( FILTER( Reference!$F:$F, Reference!$A:$A = $E45, Reference!$E:$E = $D45, Reference!$C:$C = $Q45),1),""RATE_NOT_FOUND"")"),24.0) -> 24 | T45: =IF($S45="","", S45*R45) -> 174.8 | U45: =IF(OR(M45="",L45=""),0,(M45-L45)*24-N45/60) -> 5 | V45: =IF(OR(P45=0, G45="No Field Time"),0,P45/U45) -> 13.2 | W45: =TEXT(B45,"dddd") -> Sunday | X45: =IF(AND(OR(W45="Friday", W45="Saturday"), V45>=18), 50, 0) -> 0 | Y45: =IFERROR(__xludf.DUMMYFUNCTION("IFERROR( INDEX( FILTER(Reference!$D:$D, Reference!$A:$A=$E45, Reference!$C:$C=$Q45), 1),"""")"),46052.0) -> 46052 | Z45: =SUMIFS( $U:$U, $C:$C, $C45, $Q:$Q, $Q45 ) -> 14.583333 | AA45: =IF(Z45=0,0, IF(Z45>=LOOKUP(Q45,MinHr_Weekly_Bonus!A:A,MinHr_Weekly_Bonus!B:B), LOOKUP(Q45,MinHr_Weekly_Bonus!A:A,MinHr_Weekly_Bonus!C:C), 0)) -> 0 | AB45: =T45+X45 -> 174.8 | AC45: =IF(AND(U45<1, V45>100, U45>0),"REVIEW: very high KPH","")
A46: Washington | B46: 46040 | C46: Priya Nair | D46: Team Lead | E46: Campaign A | F46: Door | G46: Regular | H46: Priya Nair | I46: 0.44513889 | J46: 0.77152778 | K46: 30 | L46: 0.49305556 | M46: 0.72916667 | N46: 50 | O46: 1 | P46: 74 | Q46: =B46+MOD(6-WEEKDAY(B46,1),7) -> 46045 | R46: =IF(OR(I46="", J46=""),0,(J46-I46)*24-K46/60) -> 7.3333333 | S46: =IFERROR(__xludf.DUMMYFUNCTION("IFERROR( INDEX( FILTER( Reference!$F:$F, Reference!$A:$A = $E46, Reference!$E:$E = $D46, Reference!$C:$C = $Q46),1),""RATE_NOT_FOUND"")"),26.0) -> 26 | T46: =IF($S46="","", S46*R46) -> 190.66667 | U46: =IF(OR(M46="",L46=""),0,(M46-L46)*24-N46/60) -> 4.8333333 | V46: =IF(OR(P46=0, G46="No Field Time"),0,P46/U46) -> 15.310345 | W46: =TEXT(B46,"dddd") -> Sunday | X46: =IF(AND(OR(W46="Friday", W46="Saturday"), V46>=18), 50, 0) -> 0 | Y46: =IFERROR(__xludf.DUMMYFUNCTION("IFERROR( INDEX( FILTER(Reference!$D:$D, Reference!$A:$A=$E46, Reference!$C:$C=$Q46), 1),"""")"),46052.0) -> 46052 | Z46: =SUMIFS( $U:$U, $C:$C, $C46, $Q:$Q, $Q46 ) -> 24.116667 | AA46: =IF(Z46=0,0, IF(Z46>=LOOKUP(Q46,MinHr_Weekly_Bonus!A:A,MinHr_Weekly_Bonus!B:B), LOOKUP(Q46,MinHr_Weekly_Bonus!A:A,MinHr_Weekly_Bonus!C:C), 0)) -> 100 | AB46: =T46+X46 -> 190.66667 | AC46: =IF(AND(U46<1, V46>100, U46>0),"REVIEW: very high KPH","")
A47: Washington | B47: 46040 | C47: Alejandro Cruz | D47: Canvasser | E47: Campaign A | F47: Door | G47: Regular | H47: Priya Nair | I47: 0.44791667 | J47: 0.78194444 | K47: 30 | L47: 0.49305556 | M47: 0.72916667 | N47: 50 | O47: 1 | P47: 92 | Q47: =B47+MOD(6-WEEKDAY(B47,1),7) -> 46045 | R47: =IF(OR(I47="", J47=""),0,(J47-I47)*24-K47/60) -> 7.5166667 | S47: =IFERROR(__xludf.DUMMYFUNCTION("IFERROR( INDEX( FILTER( Reference!$F:$F, Reference!$A:$A = $E47, Reference!$E:$E = $D47, Reference!$C:$C = $Q47),1),""RATE_NOT_FOUND"")"),24.0) -> 24 | T47: =IF($S47="","", S47*R47) -> 180.4 | U47: =IF(OR(M47="",L47=""),0,(M47-L47)*24-N47/60) -> 4.8333333 | V47: =IF(OR(P47=0, G47="No Field Time"),0,P47/U47) -> 19.034483 | W47: =TEXT(B47,"dddd") -> Sunday | X47: =IF(AND(OR(W47="Friday", W47="Saturday"), V47>=18), 50, 0) -> 0 | Y47: =IFERROR(__xludf.DUMMYFUNCTION("IFERROR( INDEX( FILTER(Reference!$D:$D, Reference!$A:$A=$E47, Reference!$C:$C=$Q47), 1),"""")"),46052.0) -> 46052 | Z47: =SUMIFS( $U:$U, $C:$C, $C47, $Q:$Q, $Q47 ) -> 25.35 | AA47: =IF(Z47=0,0, IF(Z47>=LOOKUP(Q47,MinHr_Weekly_Bonus!A:A,MinHr_Weekly_Bonus!B:B), LOOKUP(Q47,MinHr_Weekly_Bonus!A:A,MinHr_Weekly_Bonus!C:C), 0)) -> 100 | AB47: =T47+X47 -> 180.4 | AC47: =IF(AND(U47<1, V47>100, U47>0),"REVIEW: very high KPH","")
A48: Washington | B48: 46040 | C48: Chloe Park | D48: Canvasser | E48: Campaign A | F48: Door | G48: Regular | H48: Priya Nair | I48: 0.39583333 | J48: 0.7125 | K48: 30 | L48: 0.4875 | M48: 0.66805556 | N48: 30 | O48: 1 | P48: 75 | Q48: =B48+MOD(6-WEEKDAY(B48,1),7) -> 46045 | R48: =IF(OR(I48="", J48=""),0,(J48-I48)*24-K48/60) -> 7.1 | S48: =IFERROR(__xludf.DUMMYFUNCTION("IFERROR( INDEX( FILTER( Reference!$F:$F, Reference!$A:$A = $E48, Reference!$E:$E = $D48, Reference!$C:$C = $Q48),1),""RATE_NOT_FOUND"")"),24.0) -> 24 | T48: =IF($S48="","", S48*R48) -> 170.4 | U48: =IF(OR(M48="",L48=""),0,(M48-L48)*24-N48/60) -> 3.8333333 | V48: =IF(OR(P48=0, G48="No Field Time"),0,P48/U48) -> 19.565217 | W48: =TEXT(B48,"dddd") -> Sunday | X48: =IF(AND(OR(W48="Friday", W48="Saturday"), V48>=18), 50, 0) -> 0 | Y48: =IFERROR(__xludf.DUMMYFUNCTION("IFERROR( INDEX( FILTER(Reference!$D:$D, Reference!$A:$A=$E48, Reference!$C:$C=$Q48), 1),"""")"),46052.0) -> 46052 | Z48: =SUMIFS( $U:$U, $C:$C, $C48, $Q:$Q, $Q48 ) -> 14 | AA48: =IF(Z48=0,0, IF(Z48>=LOOKUP(Q48,MinHr_Weekly_Bonus!A:A,MinHr_Weekly_Bonus!B:B), LOOKUP(Q48,MinHr_Weekly_Bonus!A:A,MinHr_Weekly_Bonus!C:C), 0)) -> 0 | AB48: =T48+X48 -> 170.4 | AC48: =IF(AND(U48<1, V48>100, U48>0),"REVIEW: very high KPH","")
A49: Washington | B49: 46040 | C49: Zainab Ali | D49: Support Staff | E49: Campaign A | F49: Door | G49: Regular | I49: 0.64305556 | J49: 0.83333333 | K49: 0 | O49: 1 | Q49: =B49+MOD(6-WEEKDAY(B49,1),7) -> 46045 | R49: =IF(OR(I49="", J49=""),0,(J49-I49)*24-K49/60) -> 4.5666667 | S49: =IFERROR(__xludf.DUMMYFUNCTION("IFERROR( INDEX( FILTER( Reference!$F:$F, Reference!$A:$A = $E49, Reference!$E:$E = $D49, Reference!$C:$C = $Q49),1),""RATE_NOT_FOUND"")"),22.0) -> 22 | T49: =IF($S49="","", S49*R49) -> 100.46667 | U49: =IF(OR(M49="",L49=""),0,(M49-L49)*24-N49/60) -> 0 | V49: =IF(OR(P49=0, G49="No Field Time"),0,P49/U49) -> 0 | W49: =TEXT(B49,"dddd") -> Sunday | X49: =IF(AND(OR(W49="Friday", W49="Saturday"), V49>=18), 50, 0) -> 0 | Y49: =IFERROR(__xludf.DUMMYFUNCTION("IFERROR( INDEX( FILTER(Reference!$D:$D, Reference!$A:$A=$E49, Reference!$C:$C=$Q49), 1),"""")"),46052.0) -> 46052 | Z49: =SUMIFS( $U:$U, $C:$C, $C49, $Q:$Q, $Q49 ) -> 0 | AA49: =IF(Z49=0,0, IF(Z49>=LOOKUP(Q49,MinHr_Weekly_Bonus!A:A,MinHr_Weekly_Bonus!B:B), LOOKUP(Q49,MinHr_Weekly_Bonus!A:A,MinHr_Weekly_Bonus!C:C), 0)) -> 0 | AB49: =T49+X49 -> 100.46667 | AC49: =IF(AND(U49<1, V49>100, U49>0),"REVIEW: very high KPH","")
A50: Washington | B50: 46042 | C50: Olivia Bennett | D50: Canvasser | E50: Campaign A | F50: Door | G50: Regular | H50: Emily Chen | I50: 0.44791667 | J50: 0.77083333 | K50: 30 | L50: 0.49305556 | M50: 0.72916667 | N50: 60 | O50: 1 | P50: 54 | Q50: =B50+MOD(6-WEEKDAY(B50,1),7) -> 46045 | R50: =IF(OR(I50="", J50=""),0,(J50-I50)*24-K50/60) -> 7.25 | S50: =IFERROR(__xludf.DUMMYFUNCTION("IFERROR( INDEX( FILTER( Reference!$F:$F, Reference!$A:$A = $E50, Reference!$E:$E = $D50, Reference!$C:$C = $Q50),1),""RATE_NOT_FOUND"")"),24.0) -> 24 | T50: =IF($S50="","", S50*R50) -> 174 | U50: =IF(OR(M50="",L50=""),0,(M50-L50)*24-N50/60) -> 4.6666667 | V50: =IF(OR(P50=0, G50="No Field Time"),0,P50/U50) -> 11.571429 | W50: =TEXT(B50,"dddd") -> Tuesday | X50: =IF(AND(OR(W50="Friday", W50="Saturday"), V50>=18), 50, 0) -> 0 | Y50: =IFERROR(__xludf.DUMMYFUNCTION("IFERROR( INDEX( FILTER(Reference!$D:$D, Reference!$A:$A=$E50, Reference!$C:$C=$Q50), 1),"""")"),46052.0) -> 46052 | Z50: =SUMIFS( $U:$U, $C:$C, $C50, $Q:$Q, $Q50 ) -> 14.216667 | AA50: =IF(Z50=0,0, IF(Z50>=LOOKUP(Q50,MinHr_Weekly_Bonus!A:A,MinHr_Weekly_Bonus!B:B), LOOKUP(Q50,MinHr_Weekly_Bonus!A:A,MinHr_Weekly_Bonus!C:C), 0)) -> 0 | AB50: =T50+X50 -> 174 | AC50: =IF(AND(U50<1, V50>100, U50>0),"REVIEW: very high KPH","")
A51: Washington | B51: 46042 | C51: Emily Chen | D51: Team Lead | E51: Campaign A | F51: Door | G51: Regular | H51: Emily Chen | I51: 0.44513889 | J51: 0.77430556 | K51: 30 | L51: 0.49583333 | M51: 0.72916667 | N51: 60 | O51: 1 | P51: 84 | Q51: =B51+MOD(6-WEEKDAY(B51,1),7) -> 46045 | R51: =IF(OR(I51="", J51=""),0,(J51-I51)*24-K51/60) -> 7.4 | S51: =IFERROR(__xludf.DUMMYFUNCTION("IFERROR( INDEX( FILTER( Reference!$F:$F, Reference!$A:$A = $E51, Reference!$E:$E = $D51, Reference!$C:$C = $Q51),1),""RATE_NOT_FOUND"")"),26.0) -> 26 | T51: =IF($S51="","", S51*R51) -> 192.4 | U51: =IF(OR(M51="",L51=""),0,(M51-L51)*24-N51/60) -> 4.6 | V51: =IF(OR(P51=0, G51="No Field Time"),0,P51/U51) -> 18.26087 | W51: =TEXT(B51,"dddd") -> Tuesday | X51: =IF(AND(OR(W51="Friday", W51="Saturday"), V51>=18), 50, 0) -> 0 | Y51: =IFERROR(__xludf.DUMMYFUNCTION("IFERROR( INDEX( FILTER(Reference!$D:$D, Reference!$A:$A=$E51, Reference!$C:$C=$Q51), 1),"""")"),46052.0) -> 46052 | Z51: =SUMIFS( $U:$U, $C:$C, $C51, $Q:$Q, $Q51 ) -> 9.6 | AA51: =IF(Z51=0,0, IF(Z51>=LOOKUP(Q51,MinHr_Weekly_Bonus!A:A,MinHr_Weekly_Bonus!B:B), LOOKUP(Q51,MinHr_Weekly_Bonus!A:A,MinHr_Weekly_Bonus!C:C), 0)) -> 0 | AB51: =T51+X51 -> 192.4 | AC51: =IF(AND(U51<1, V51>100, U51>0),"REVIEW: very high KPH","")
A52: Washington | B52: 46042 | C52: Marcus Thompson | D52: Canvasser | E52: Campaign A | F52: Door | G52: Regular | H52: Emily Chen | I52: 0.44722222 | J52: 0.76111111 | K52: 30 | L52: 0.49305556 | M52: 0.72916667 | N52: 60 | O52: 1 | P52: 55 | Q52: =B52+MOD(6-WEEKDAY(B52,1),7) -> 46045 | R52: =IF(OR(I52="", J52=""),0,(J52-I52)*24-K52/60) -> 7.0333333 | S52: =IFERROR(__xludf.DUMMYFUNCTION("IFERROR( INDEX( FILTER( Reference!$F:$F, Reference!$A:$A = $E52, Reference!$E:$E = $D52, Reference!$C:$C = $Q52),1),""RATE_NOT_FOUND"")"),24.0) -> 24 | T52: =IF($S52="","", S52*R52) -> 168.8 | U52: =IF(OR(M52="",L52=""),0,(M52-L52)*24-N52/60) -> 4.6666667 | V52: =IF(OR(P52=0, G52="No Field Time"),0,P52/U52) -> 11.785714 | W52: =TEXT(B52,"dddd") -> Tuesday | X52: =IF(AND(OR(W52="Friday", W52="Saturday"), V52>=18), 50, 0) -> 0 | Y52: =IFERROR(__xludf.DUMMYFUNCTION("IFERROR( INDEX( FILTER(Reference!$D:$D, Reference!$A:$A=$E52, Reference!$C:$C=$Q52), 1),"""")"),46052.0) -> 46052 | Z52: =SUMIFS( $U:$U, $C:$C, $C52, $Q:$Q, $Q52 ) -> 14.583333 | AA52: =IF(Z52=0,0, IF(Z52>=LOOKUP(Q52,MinHr_Weekly_Bonus!A:A,MinHr_Weekly_Bonus!B:B), LOOKUP(Q52,MinHr_Weekly_Bonus!A:A,MinHr_Weekly_Bonus!C:C), 0)) -> 0 | AB52: =T52+X52 -> 168.8 | AC52: =IF(AND(U52<1, V52>100, U52>0),"REVIEW: very high KPH","")
A53: Washington | B53: 46042 | C53: Aisha Johnson | D53: Team Lead | E53: Campaign A | F53: Door | G53: Regular | H53: Aisha Johnson | I53: 0.42361111 | J53: 0.76458333 | K53: 30 | L53: 0.48611111 | M53: 0.72916667 | N53: 50 | O53: 1 | P53: 83 | Q53: =B53+MOD(6-WEEKDAY(B53,1),7) -> 46045 | R53: =IF(OR(I53="", J53=""),0,(J53-I53)*24-K53/60) -> 7.6833333 | S53: =IFERROR(__xludf.DUMMYFUNCTION("IFERROR( INDEX( FILTER( Reference!$F:$F, Reference!$A:$A = $E53, Reference!$E:$E = $D53, Reference!$C:$C = $Q53),1),""RATE_NOT_FOUND"")"),26.0) -> 26 | T53: =IF($S53="","", S53*R53) -> 199.76667 | U53: =IF(OR(M53="",L53=""),0,(M53-L53)*24-N53/60) -> 5 | V53: =IF(OR(P53=0, G53="No Field Time"),0,P53/U53) -> 16.6 | W53: =TEXT(B53,"dddd") -> Tuesday | X53: =IF(AND(OR(W53="Friday", W53="Saturday"), V53>=18), 50, 0) -> 0 | Y53: =IFERROR(__xludf.DUMMYFUNCTION("IFERROR( INDEX( FILTER(Reference!$D:$D, Reference!$A:$A=$E53, Reference!$C:$C=$Q53), 1),"""")"),46052.0) -> 46052 | Z53: =SUMIFS( $U:$U, $C:$C, $C53, $Q:$Q, $Q53 ) -> 23.833333 | AA53: =IF(Z53=0,0, IF(Z53>=LOOKUP(Q53,MinHr_Weekly_Bonus!A:A,MinHr_Weekly_Bonus!B:B), LOOKUP(Q53,MinHr_Weekly_Bonus!A:A,MinHr_Weekly_Bonus!C:C), 0)) -> 100 | AB53: =T53+X53 -> 199.76667 | AC53: =IF(AND(U53<1, V53>100, U53>0),"REVIEW: very high KPH","")
A54: Washington | B54: 46042 | C54: Ahmed El-Sayed | D54: Canvasser | E54: Campaign A | F54: Door | G54: Regular | H54: Aisha Johnson | I54: 0.39583333 | J54: 0.77083333 | K54: 30 | L54: 0.47916667 | M54: 0.72916667 | N54: 50 | O54: 1 | P54: 87 | Q54: =B54+MOD(6-WEEKDAY(B54,1),7) -> 46045 | R54: =IF(OR(I54="", J54=""),0,(J54-I54)*24-K54/60) -> 8.5 | S54: =IFERROR(__xludf.DUMMYFUNCTION("IFERROR( INDEX( FILTER( Reference!$F:$F, Reference!$A:$A = $E54, Reference!$E:$E = $D54, Reference!$C:$C = $Q54),1),""RATE_NOT_FOUND"")"),24.0) -> 24 | T54: =IF($S54="","", S54*R54) -> 204 | U54: =IF(OR(M54="",L54=""),0,(M54-L54)*24-N54/60) -> 5.1666667 | V54: =IF(OR(P54=0, G54="No Field Time"),0,P54/U54) -> 16.83871 | W54: =TEXT(B54,"dddd") -> Tuesday | X54: =IF(AND(OR(W54="Friday", W54="Saturday"), V54>=18), 50, 0) -> 0 | Y54: =IFERROR(__xludf.DUMMYFUNCTION("IFERROR( INDEX( FILTER(Reference!$D:$D, Reference!$A:$A=$E54, Reference!$C:$C=$Q54), 1),"""")"),46052.0) -> 46052 | Z54: =SUMIFS( $U:$U, $C:$C, $C54, $Q:$Q, $Q54 ) -> 10.266667 | AA54: =IF(Z54=0,0, IF(Z54>=LOOKUP(Q54,MinHr_Weekly_Bonus!A:A,MinHr_Weekly_Bonus!B:B), LOOKUP(Q54,MinHr_Weekly_Bonus!A:A,MinHr_Weekly_Bonus!C:C), 0)) -> 0 | AB54: =T54+X54 -> 204 | AC54: =IF(AND(U54<1, V54>100, U54>0),"REVIEW: very high KPH","")
A55: Washington | B55: 46042 | C55: Priya Nair | D55: Team Lead | E55: Campaign B | F55: Door | G55: Regular | H55: Priya Nair | I55: 0.44444444 | J55: 0.77361111 | K55: 30 | L55: 0.47916667 | M55: 0.72916667 | N55: 50 | O55: 1 | P55: 62 | Q55: =B55+MOD(6-WEEKDAY(B55,1),7) -> 46045 | R55: =IF(OR(I55="", J55=""),0,(J55-I55)*24-K55/60) -> 7.4 | S55: =IFERROR(__xludf.DUMMYFUNCTION("IFERROR( INDEX( FILTER( Reference!$F:$F, Reference!$A:$A = $E55, Reference!$E:$E = $D55, Reference!$C:$C = $Q55),1),""RATE_NOT_FOUND"")"),26.0) -> 26 | T55: =IF($S55="","", S55*R55) -> 192.4 | U55: =IF(OR(M55="",L55=""),0,(M55-L55)*24-N55/60) -> 5.1666667 | V55: =IF(OR(P55=0, G55="No Field Time"),0,P55/U55) -> 12 | W55: =TEXT(B55,"dddd") -> Tuesday | X55: =IF(AND(OR(W55="Friday", W55="Saturday"), V55>=18), 50, 0) -> 0 | Y55: =IFERROR(__xludf.DUMMYFUNCTION("IFERROR( INDEX( FILTER(Reference!$D:$D, Reference!$A:$A=$E55, Reference!$C:$C=$Q55), 1),"""")"),46052.0) -> 46052 | Z55: =SUMIFS( $U:$U, $C:$C, $C55, $Q:$Q, $Q55 ) -> 24.116667 | AA55: =IF(Z55=0,0, IF(Z55>=LOOKUP(Q55,MinHr_Weekly_Bonus!A:A,MinHr_Weekly_Bonus!B:B), LOOKUP(Q55,MinHr_Weekly_Bonus!A:A,MinHr_Weekly_Bonus!C:C), 0)) -> 100 | AB55: =T55+X55 -> 192.4 | AC55: =IF(AND(U55<1, V55>100, U55>0),"REVIEW: very high KPH","")
A56: Washington | B56: 46042 | C56: Chloe Park | D56: Canvasser | E56: Campaign B | F56: Door | G56: Regular | H56: Priya Nair | I56: 0.44861111 | J56: 0.77152778 | K56: 30 | L56: 0.48611111 | M56: 0.72916667 | N56: 50 | O56: 1 | P56: 102 | Q56: =B56+MOD(6-WEEKDAY(B56,1),7) -> 46045 | R56: =IF(OR(I56="", J56=""),0,(J56-I56)*24-K56/60) -> 7.25 | S56: =IFERROR(__xludf.DUMMYFUNCTION("IFERROR( INDEX( FILTER( Reference!$F:$F, Reference!$A:$A = $E56, Reference!$E:$E = $D56, Reference!$C:$C = $Q56),1),""RATE_NOT_FOUND"")"),24.0) -> 24 | T56: =IF($S56="","", S56*R56) -> 174 | U56: =IF(OR(M56="",L56=""),0,(M56-L56)*24-N56/60) -> 5 | V56: =IF(OR(P56=0, G56="No Field Time"),0,P56/U56) -> 20.4 | W56: =TEXT(B56,"dddd") -> Tuesday | X56: =IF(AND(OR(W56="Friday", W56="Saturday"), V56>=18), 50, 0) -> 0 | Y56: =IFERROR(__xludf.DUMMYFUNCTION("IFERROR( INDEX( FILTER(Reference!$D:$D, Reference!$A:$A=$E56, Reference!$C:$C=$Q56), 1),"""")"),46052.0) -> 46052 | Z56: =SUMIFS( $U:$U, $C:$C, $C56, $Q:$Q, $Q56 ) -> 14 | AA56: =IF(Z56=0,0, IF(Z56>=LOOKUP(Q56,MinHr_Weekly_Bonus!A:A,MinHr_Weekly_Bonus!B:B), LOOKUP(Q56,MinHr_Weekly_Bonus!A:A,MinHr_Weekly_Bonus!C:C), 0)) -> 0 | AB56: =T56+X56 -> 174 | AC56: =IF(AND(U56<1, V56>100, U56>0),"REVIEW: very high KPH","")
A57: Washington | B57: 46042 | C57: Natalie Rivera | D57: Canvasser | E57: Campaign B | F57: Door | G57: Regular | H57: Priya Nair | I57: 0.39583333 | J57: 0.77083333 | K57: 30 | L57: 0.48958333 | M57: 0.72916667 | N57: 60 | O57: 1 | P57: 119 | Q57: =B57+MOD(6-WEEKDAY(B57,1),7) -> 46045 | R57: =IF(OR(I57="", J57=""),0,(J57-I57)*24-K57/60) -> 8.5 | S57: =IFERROR(__xludf.DUMMYFUNCTION("IFERROR( INDEX( FILTER( Reference!$F:$F, Reference!$A:$A = $E57, Reference!$E:$E = $D57, Reference!$C:$C = $Q57),1),""RATE_NOT_FOUND"")"),24.0) -> 24 | T57: =IF($S57="","", S57*R57) -> 204 | U57: =IF(OR(M57="",L57=""),0,(M57-L57)*24-N57/60) -> 4.75 | V57: =IF(OR(P57=0, G57="No Field Time"),0,P57/U57) -> 25.052632 | W57: =TEXT(B57,"dddd") -> Tuesday | X57: =IF(AND(OR(W57="Friday", W57="Saturday"), V57>=18), 50, 0) -> 0 | Y57: =IFERROR(__xludf.DUMMYFUNCTION("IFERROR( INDEX( FILTER(Reference!$D:$D, Reference!$A:$A=$E57, Reference!$C:$C=$Q57), 1),"""")"),46052.0) -> 46052 | Z57: =SUMIFS( $U:$U, $C:$C, $C57, $Q:$Q, $Q57 ) -> 9.1666667 | AA57: =IF(Z57=0,0, IF(Z57>=LOOKUP(Q57,MinHr_Weekly_Bonus!A:A,MinHr_Weekly_Bonus!B:B), LOOKUP(Q57,MinHr_Weekly_Bonus!A:A,MinHr_Weekly_Bonus!C:C), 0)) -> 0 | AB57: =T57+X57 -> 204 | AC57: =IF(AND(U57<1, V57>100, U57>0),"REVIEW: very high KPH","")
A58: Washington | B58: 46042 | C58: Benjamin Stein | D58: Canvasser | E58: Campaign B | F58: Door | G58: Regular | H58: Priya Nair | I58: 0.39583333 | J58: 0.77083333 | K58: 30 | L58: 0.48958333 | M58: 0.72916667 | N58: 60 | O58: 1 | P58: 101 | Q58: =B58+MOD(6-WEEKDAY(B58,1),7) -> 46045 | R58: =IF(OR(I58="", J58=""),0,(J58-I58)*24-K58/60) -> 8.5 | S58: =IFERROR(__xludf.DUMMYFUNCTION("IFERROR( INDEX( FILTER( Reference!$F:$F, Reference!$A:$A = $E58, Reference!$E:$E = $D58, Reference!$C:$C = $Q58),1),""RATE_NOT_FOUND"")"),24.0) -> 24 | T58: =IF($S58="","", S58*R58) -> 204 | U58: =IF(OR(M58="",L58=""),0,(M58-L58)*24-N58/60) -> 4.75 | V58: =IF(OR(P58=0, G58="No Field Time"),0,P58/U58) -> 21.263158 | W58: =TEXT(B58,"dddd") -> Tuesday | X58: =IF(AND(OR(W58="Friday", W58="Saturday"), V58>=18), 50, 0) -> 0 | Y58: =IFERROR(__xludf.DUMMYFUNCTION("IFERROR( INDEX( FILTER(Reference!$D:$D, Reference!$A:$A=$E58, Reference!$C:$C=$Q58), 1),"""")"),46052.0) -> 46052 | Z58: =SUMIFS( $U:$U, $C:$C, $C58, $Q:$Q, $Q58 ) -> 14.583333 | AA58: =IF(Z58=0,0, IF(Z58>=LOOKUP(Q58,MinHr_Weekly_Bonus!A:A,MinHr_Weekly_Bonus!B:B), LOOKUP(Q58,MinHr_Weekly_Bonus!A:A,MinHr_Weekly_Bonus!C:C), 0)) -> 0 | AB58: =T58+X58 -> 204 | AC58: =IF(AND(U58<1, V58>100, U58>0),"REVIEW: very high KPH","")
A59: Washington | B59: 46042 | C59: Leila Abdallah | D59: Canvasser | E59: Campaign A | F59: Door | G59: Regular | H59: Aisha Johnson | I59: 0.39583333 | J59: 0.52083333 | K59: 0 | L59: 0.48958333 | M59: 0.51041667 | N59: 0 | O59: 0 | P59: 107 | Q59: =B59+MOD(6-WEEKDAY(B59,1),7) -> 46045 | R59: =IF(OR(I59="", J59=""),0,(J59-I59)*24-K59/60) -> 3 | S59: =IFERROR(__xludf.DUMMYFUNCTION("IFERROR( INDEX( FILTER( Reference!$F:$F, Reference!$A:$A = $E59, Reference!$E:$E = $D59, Reference!$C:$C = $Q59),1),""RATE_NOT_FOUND"")"),24.0) -> 24 | T59: =IF($S59="","", S59*R59) -> 72 | U59: =IF(OR(M59="",L59=""),0,(M59-L59)*24-N59/60) -> 0.5 | V59: =IF(OR(P59=0, G59="No Field Time"),0,P59/U59) -> 214 | W59: =TEXT(B59,"dddd") -> Tuesday | X59: =IF(AND(OR(W59="Friday", W59="Saturday"), V59>=18), 50, 0) -> 0 | Y59: =IFERROR(__xludf.DUMMYFUNCTION("IFERROR( INDEX( FILTER(Reference!$D:$D, Reference!$A:$A=$E59, Reference!$C:$C=$Q59), 1),"""")"),46052.0) -> 46052 | Z59: =SUMIFS( $U:$U, $C:$C, $C59, $Q:$Q, $Q59 ) -> 0.5 | AA59: =IF(Z59=0,0, IF(Z59>=LOOKUP(Q59,MinHr_Weekly_Bonus!A:A,MinHr_Weekly_Bonus!B:B), LOOKUP(Q59,MinHr_Weekly_Bonus!A:A,MinHr_Weekly_Bonus!C:C), 0)) -> 0 | AB59: =T59+X59 -> 72 | AC59: =IF(AND(U59<1, V59>100, U59>0),"REVIEW: very high KPH","") -> REVIEW: very high KPH
A60: Washington | B60: 46042 | C60: Jordan Williams | D60: Canvasser | E60: Campaign A | F60: Door | G60: Regular | H60: Aisha Johnson | I60: 0.44791667 | J60: 0.77083333 | K60: 30 | L60: 0.48958333 | M60: 0.72916667 | N60: 50 | O60: 1 | P60: 93 | Q60: =B60+MOD(6-WEEKDAY(B60,1),7) -> 46045 | R60: =IF(OR(I60="", J60=""),0,(J60-I60)*24-K60/60) -> 7.25 | S60: =IFERROR(__xludf.DUMMYFUNCTION("IFERROR( INDEX( FILTER( Reference!$F:$F, Reference!$A:$A = $E60, Reference!$E:$E = $D60, Reference!$C:$C = $Q60),1),""RATE_NOT_FOUND"")"),24.0) -> 24 | T60: =IF($S60="","", S60*R60) -> 174 | U60: =IF(OR(M60="",L60=""),0,(M60-L60)*24-N60/60) -> 4.9166667 | V60: =IF(OR(P60=0, G60="No Field Time"),0,P60/U60) -> 18.915254 | W60: =TEXT(B60,"dddd") -> Tuesday | X60: =IF(AND(OR(W60="Friday", W60="Saturday"), V60>=18), 50, 0) -> 0 | Y60: =IFERROR(__xludf.DUMMYFUNCTION("IFERROR( INDEX( FILTER(Reference!$D:$D, Reference!$A:$A=$E60, Reference!$C:$C=$Q60), 1),"""")"),46052.0) -> 46052 | Z60: =SUMIFS( $U:$U, $C:$C, $C60, $Q:$Q, $Q60 ) -> 4.9166667 | AA60: =IF(Z60=0,0, IF(Z60>=LOOKUP(Q60,MinHr_Weekly_Bonus!A:A,MinHr_Weekly_Bonus!B:B), LOOKUP(Q60,MinHr_Weekly_Bonus!A:A,MinHr_Weekly_Bonus!C:C), 0)) -> 0 | AB60: =T60+X60 -> 174 | AC60: =IF(AND(U60<1, V60>100, U60>0),"REVIEW: very high KPH","")
A61: Washington | B61: 46042 | C61: Daniel Kim | D61: Canvasser | E61: Campaign A | F61: Door | G61: Regular | H61: Aisha Johnson | I61: 0.39583333 | J61: 0.77083333 | K61: 30 | L61: 0.48958333 | M61: 0.72916667 | N61: 50 | O61: 1 | P61: 108 | Q61: =B61+MOD(6-WEEKDAY(B61,1),7) -> 46045 | R61: =IF(OR(I61="", J61=""),0,(J61-I61)*24-K61/60) -> 8.5 | S61: =IFERROR(__xludf.DUMMYFUNCTION("IFERROR( INDEX( FILTER( Reference!$F:$F, Reference!$A:$A = $E61, Reference!$E:$E = $D61, Reference!$C:$C = $Q61),1),""RATE_NOT_FOUND"")"),24.0) -> 24 | T61: =IF($S61="","", S61*R61) -> 204 | U61: =IF(OR(M61="",L61=""),0,(M61-L61)*24-N61/60) -> 4.9166667 | V61: =IF(OR(P61=0, G61="No Field Time"),0,P61/U61) -> 21.966102 | W61: =TEXT(B61,"dddd") -> Tuesday | X61: =IF(AND(OR(W61="Friday", W61="Saturday"), V61>=18), 50, 0) -> 0 | Y61: =IFERROR(__xludf.DUMMYFUNCTION("IFERROR( INDEX( FILTER(Reference!$D:$D, Reference!$A:$A=$E61, Reference!$C:$C=$Q61), 1),"""")"),46052.0) -> 46052 | Z61: =SUMIFS( $U:$U, $C:$C, $C61, $Q:$Q, $Q61 ) -> 19.166667 | AA61: =IF(Z61=0,0, IF(Z61>=LOOKUP(Q61,MinHr_Weekly_Bonus!A:A,MinHr_Weekly_Bonus!B:B), LOOKUP(Q61,MinHr_Weekly_Bonus!A:A,MinHr_Weekly_Bonus!C:C), 0)) -> 0 | AB61: =T61+X61 -> 204 | AC61: =IF(AND(U61<1, V61>100, U61>0),"REVIEW: very high KPH","")
A62: Washington | B62: 46042 | C62: David Okafor | D62: Canvasser | E62: Campaign B | F62: Door | G62: Regular | H62: Ethan Brooks | I62: 0.39583333 | J62: 0.77083333 | K62: 30 | L62: 0.48958333 | M62: 0.72916667 | N62: 60 | O62: 1 | P62: 115 | Q62: =B62+MOD(6-WEEKDAY(B62,1),7) -> 46045 | R62: =IF(OR(I62="", J62=""),0,(J62-I62)*24-K62/60) -> 8.5 | S62: =IFERROR(__xludf.DUMMYFUNCTION("IFERROR( INDEX( FILTER( Reference!$F:$F, Reference!$A:$A = $E62, Reference!$E:$E = $D62, Reference!$C:$C = $Q62),1),""RATE_NOT_FOUND"")"),24.0) -> 24 | T62: =IF($S62="","", S62*R62) -> 204 | U62: =IF(OR(M62="",L62=""),0,(M62-L62)*24-N62/60) -> 4.75 | V62: =IF(OR(P62=0, G62="No Field Time"),0,P62/U62) -> 24.210526 | W62: =TEXT(B62,"dddd") -> Tuesday | X62: =IF(AND(OR(W62="Friday", W62="Saturday"), V62>=18), 50, 0) -> 0 | Y62: =IFERROR(__xludf.DUMMYFUNCTION("IFERROR( INDEX( FILTER(Reference!$D:$D, Reference!$A:$A=$E62, Reference!$C:$C=$Q62), 1),"""")"),46052.0) -> 46052 | Z62: =SUMIFS( $U:$U, $C:$C, $C62, $Q:$Q, $Q62 ) -> 9.7333333 | AA62: =IF(Z62=0,0, IF(Z62>=LOOKUP(Q62,MinHr_Weekly_Bonus!A:A,MinHr_Weekly_Bonus!B:B), LOOKUP(Q62,MinHr_Weekly_Bonus!A:A,MinHr_Weekly_Bonus!C:C), 0)) -> 0 | AB62: =T62+X62 -> 204 | AC62: =IF(AND(U62<1, V62>100, U62>0),"REVIEW: very high KPH","")
A63: Washington | B63: 46042 | C63: Hannah O’Connor | D63: Canvasser | E63: Campaign B | F63: Door | G63: Regular | H63: Ethan Brooks | I63: 0.44791667 | J63: 0.77083333 | K63: 30 | L63: 0.49305556 | M63: 0.72916667 | N63: 50 | O63: 1 | P63: 66 | Q63: =B63+MOD(6-WEEKDAY(B63,1),7) -> 46045 | R63: =IF(OR(I63="", J63=""),0,(J63-I63)*24-K63/60) -> 7.25 | S63: =IFERROR(__xludf.DUMMYFUNCTION("IFERROR( INDEX( FILTER( Reference!$F:$F, Reference!$A:$A = $E63, Reference!$E:$E = $D63, Reference!$C:$C = $Q63),1),""RATE_NOT_FOUND"")"),24.0) -> 24 | T63: =IF($S63="","", S63*R63) -> 174 | U63: =IF(OR(M63="",L63=""),0,(M63-L63)*24-N63/60) -> 4.8333333 | V63: =IF(OR(P63=0, G63="No Field Time"),0,P63/U63) -> 13.655172 | W63: =TEXT(B63,"dddd") -> Tuesday | X63: =IF(AND(OR(W63="Friday", W63="Saturday"), V63>=18), 50, 0) -> 0 | Y63: =IFERROR(__xludf.DUMMYFUNCTION("IFERROR( INDEX( FILTER(Reference!$D:$D, Reference!$A:$A=$E63, Reference!$C:$C=$Q63), 1),"""")"),46052.0) -> 46052 | Z63: =SUMIFS( $U:$U, $C:$C, $C63, $Q:$Q, $Q63 ) -> 9.4166667 | AA63: =IF(Z63=0,0, IF(Z63>=LOOKUP(Q63,MinHr_Weekly_Bonus!A:A,MinHr_Weekly_Bonus!B:B), LOOKUP(Q63,MinHr_Weekly_Bonus!A:A,MinHr_Weekly_Bonus!C:C), 0)) -> 0 | AB63: =T63+X63 -> 174 | AC63: =IF(AND(U63<1, V63>100, U63>0),"REVIEW: very high KPH","")
A64: Washington | B64: 46042 | C64: Rohan Mehta | D64: Canvasser | E64: Campaign B | F64: Door | G64: Regular | H64: Ethan Brooks | I64: 0.45694444 | J64: 0.77083333 | K64: 30 | L64: 0.48263889 | M64: 0.72916667 | N64: 50 | O64: 1 | P64: 84 | Q64: =B64+MOD(6-WEEKDAY(B64,1),7) -> 46045 | R64: =IF(OR(I64="", J64=""),0,(J64-I64)*24-K64/60) -> 7.0333333 | S64: =IFERROR(__xludf.DUMMYFUNCTION("IFERROR( INDEX( FILTER( Reference!$F:$F, Reference!$A:$A = $E64, Reference!$E:$E = $D64, Reference!$C:$C = $Q64),1),""RATE_NOT_FOUND"")"),24.0) -> 24 | T64: =IF($S64="","", S64*R64) -> 168.8 | U64: =IF(OR(M64="",L64=""),0,(M64-L64)*24-N64/60) -> 5.0833333 | V64: =IF(OR(P64=0, G64="No Field Time"),0,P64/U64) -> 16.52459 | W64: =TEXT(B64,"dddd") -> Tuesday | X64: =IF(AND(OR(W64="Friday", W64="Saturday"), V64>=18), 50, 0) -> 0 | Y64: =IFERROR(__xludf.DUMMYFUNCTION("IFERROR( INDEX( FILTER(Reference!$D:$D, Reference!$A:$A=$E64, Reference!$C:$C=$Q64), 1),"""")"),46052.0) -> 46052 | Z64: =SUMIFS( $U:$U, $C:$C, $C64, $Q:$Q, $Q64 ) -> 15.133333 | AA64: =IF(Z64=0,0, IF(Z64>=LOOKUP(Q64,MinHr_Weekly_Bonus!A:A,MinHr_Weekly_Bonus!B:B), LOOKUP(Q64,MinHr_Weekly_Bonus!A:A,MinHr_Weekly_Bonus!C:C), 0)) -> 0 | AB64: =T64+X64 -> 168.8 | AC64: =IF(AND(U64<1, V64>100, U64>0),"REVIEW: very high KPH","")
A65: Washington | B65: 46042 | C65: Isabella Flores | D65: Canvasser | E65: Campaign B | F65: Door | G65: Regular | H65: Ethan Brooks | I65: 0.45347222 | J65: 0.78055556 | K65: 30 | L65: 0.48263889 | M65: 0.72916667 | N65: 50 | O65: 1 | P65: 65 | Q65: =B65+MOD(6-WEEKDAY(B65,1),7) -> 46045 | R65: =IF(OR(I65="", J65=""),0,(J65-I65)*24-K65/60) -> 7.35 | S65: =IFERROR(__xludf.DUMMYFUNCTION("IFERROR( INDEX( FILTER( Reference!$F:$F, Reference!$A:$A = $E65, Reference!$E:$E = $D65, Reference!$C:$C = $Q65),1),""RATE_NOT_FOUND"")"),24.0) -> 24 | T65: =IF($S65="","", S65*R65) -> 176.4 | U65: =IF(OR(M65="",L65=""),0,(M65-L65)*24-N65/60) -> 5.0833333 | V65: =IF(OR(P65=0, G65="No Field Time"),0,P65/U65) -> 12.786885 | W65: =TEXT(B65,"dddd") -> Tuesday | X65: =IF(AND(OR(W65="Friday", W65="Saturday"), V65>=18), 50, 0) -> 0 | Y65: =IFERROR(__xludf.DUMMYFUNCTION("IFERROR( INDEX( FILTER(Reference!$D:$D, Reference!$A:$A=$E65, Reference!$C:$C=$Q65), 1),"""")"),46052.0) -> 46052 | Z65: =SUMIFS( $U:$U, $C:$C, $C65, $Q:$Q, $Q65 ) -> 24.716667 | AA65: =IF(Z65=0,0, IF(Z65>=LOOKUP(Q65,MinHr_Weekly_Bonus!A:A,MinHr_Weekly_Bonus!B:B), LOOKUP(Q65,MinHr_Weekly_Bonus!A:A,MinHr_Weekly_Bonus!C:C), 0)) -> 100 | AB65: =T65+X65 -> 176.4 | AC65: =IF(AND(U65<1, V65>100, U65>0),"REVIEW: very high KPH","")
A66: Washington | B66: 46042 | C66: Ethan Brooks | D66: Team Lead | E66: Campaign B | F66: Door | G66: Regular | H66: Ethan Brooks | I66: 0.44583333 | J66: 0.76041667 | K66: 30 | L66: 0.47916667 | M66: 0.72916667 | N66: 70 | O66: 1 | P66: 105 | Q66: =B66+MOD(6-WEEKDAY(B66,1),7) -> 46045 | R66: =IF(OR(I66="", J66=""),0,(J66-I66)*24-K66/60) -> 7.05 | S66: =IFERROR(__xludf.DUMMYFUNCTION("IFERROR( INDEX( FILTER( Reference!$F:$F, Reference!$A:$A = $E66, Reference!$E:$E = $D66, Reference!$C:$C = $Q66),1),""RATE_NOT_FOUND"")"),26.0) -> 26 | T66: =IF($S66="","", S66*R66) -> 183.3 | U66: =IF(OR(M66="",L66=""),0,(M66-L66)*24-N66/60) -> 4.8333333 | V66: =IF(OR(P66=0, G66="No Field Time"),0,P66/U66) -> 21.724138 | W66: =TEXT(B66,"dddd") -> Tuesday | X66: =IF(AND(OR(W66="Friday", W66="Saturday"), V66>=18), 50, 0) -> 0 | Y66: =IFERROR(__xludf.DUMMYFUNCTION("IFERROR( INDEX( FILTER(Reference!$D:$D, Reference!$A:$A=$E66, Reference!$C:$C=$Q66), 1),"""")"),46052.0) -> 46052 | Z66: =SUMIFS( $U:$U, $C:$C, $C66, $Q:$Q, $Q66 ) -> 19.75 | AA66: =IF(Z66=0,0, IF(Z66>=LOOKUP(Q66,MinHr_Weekly_Bonus!A:A,MinHr_Weekly_Bonus!B:B), LOOKUP(Q66,MinHr_Weekly_Bonus!A:A,MinHr_Weekly_Bonus!C:C), 0)) -> 0 | AB66: =T66+X66 -> 183.3 | AC66: =IF(AND(U66<1, V66>100, U66>0),"REVIEW: very high KPH","")
A67: Washington | B67: 46042 | C67: Maya Patel | D67: Team Lead | E67: Campaign B | F67: Door | G67: Regular | H67: Maya Patel | I67: 0.42361111 | J67: 0.76666667 | K67: 30 | L67: 0.48958333 | M67: 0.72916667 | N67: 80 | O67: 1 | P67: 92 | Q67: =B67+MOD(6-WEEKDAY(B67,1),7) -> 46045 | R67: =IF(OR(I67="", J67=""),0,(J67-I67)*24-K67/60) -> 7.7333333 | S67: =IFERROR(__xludf.DUMMYFUNCTION("IFERROR( INDEX( FILTER( Reference!$F:$F, Reference!$A:$A = $E67, Reference!$E:$E = $D67, Reference!$C:$C = $Q67),1),""RATE_NOT_FOUND"")"),26.0) -> 26 | T67: =IF($S67="","", S67*R67) -> 201.06667 | U67: =IF(OR(M67="",L67=""),0,(M67-L67)*24-N67/60) -> 4.4166667 | V67: =IF(OR(P67=0, G67="No Field Time"),0,P67/U67) -> 20.830189 | W67: =TEXT(B67,"dddd") -> Tuesday | X67: =IF(AND(OR(W67="Friday", W67="Saturday"), V67>=18), 50, 0) -> 0 | Y67: =IFERROR(__xludf.DUMMYFUNCTION("IFERROR( INDEX( FILTER(Reference!$D:$D, Reference!$A:$A=$E67, Reference!$C:$C=$Q67), 1),"""")"),46052.0) -> 46052 | Z67: =SUMIFS( $U:$U, $C:$C, $C67, $Q:$Q, $Q67 ) -> 24.433333 | AA67: =IF(Z67=0,0, IF(Z67>=LOOKUP(Q67,MinHr_Weekly_Bonus!A:A,MinHr_Weekly_Bonus!B:B), LOOKUP(Q67,MinHr_Weekly_Bonus!A:A,MinHr_Weekly_Bonus!C:C), 0)) -> 100 | AB67: =T67+X67 -> 201.06667 | AC67: =IF(AND(U67<1, V67>100, U67>0),"REVIEW: very high KPH","")
A68: Washington | B68: 46042 | C68: Fatima Hassan | D68: Canvasser | E68: Campaign B | F68: Door | G68: Regular | H68: Maya Patel | I68: 0.44722222 | J68: 0.76041667 | K68: 30 | L68: 0.47916667 | M68: 0.72916667 | N68: 70 | O68: 1 | P68: 59 | Q68: =B68+MOD(6-WEEKDAY(B68,1),7) -> 46045 | R68: =IF(OR(I68="", J68=""),0,(J68-I68)*24-K68/60) -> 7.0166667 | S68: =IFERROR(__xludf.DUMMYFUNCTION("IFERROR( INDEX( FILTER( Reference!$F:$F, Reference!$A:$A = $E68, Reference!$E:$E = $D68, Reference!$C:$C = $Q68),1),""RATE_NOT_FOUND"")"),24.0) -> 24 | T68: =IF($S68="","", S68*R68) -> 168.4 | U68: =IF(OR(M68="",L68=""),0,(M68-L68)*24-N68/60) -> 4.8333333 | V68: =IF(OR(P68=0, G68="No Field Time"),0,P68/U68) -> 12.206897 | W68: =TEXT(B68,"dddd") -> Tuesday | X68: =IF(AND(OR(W68="Friday", W68="Saturday"), V68>=18), 50, 0) -> 0 | Y68: =IFERROR(__xludf.DUMMYFUNCTION("IFERROR( INDEX( FILTER(Reference!$D:$D, Reference!$A:$A=$E68, Reference!$C:$C=$Q68), 1),"""")"),46052.0) -> 46052 | Z68: =SUMIFS( $U:$U, $C:$C, $C68, $Q:$Q, $Q68 ) -> 24.916667 | AA68: =IF(Z68=0,0, IF(Z68>=LOOKUP(Q68,MinHr_Weekly_Bonus!A:A,MinHr_Weekly_Bonus!B:B), LOOKUP(Q68,MinHr_Weekly_Bonus!A:A,MinHr_Weekly_Bonus!C:C), 0)) -> 100 | AB68: =T68+X68 -> 168.4 | AC68: =IF(AND(U68<1, V68>100, U68>0),"REVIEW: very high KPH","")
A69: Washington | B69: 46042 | C69: Alejandro Cruz | D69: Canvasser | E69: Campaign B | F69: Door | G69: Regular | H69: Maya Patel | I69: 0.44791667 | J69: 0.77916667 | K69: 30 | L69: 0.47916667 | M69: 0.72916667 | N69: 50 | O69: 1 | P69: 82 | Q69: =B69+MOD(6-WEEKDAY(B69,1),7) -> 46045 | R69: =IF(OR(I69="", J69=""),0,(J69-I69)*24-K69/60) -> 7.45 | S69: =IFERROR(__xludf.DUMMYFUNCTION("IFERROR( INDEX( FILTER( Reference!$F:$F, Reference!$A:$A = $E69, Reference!$E:$E = $D69, Reference!$C:$C = $Q69),1),""RATE_NOT_FOUND"")"),24.0) -> 24 | T69: =IF($S69="","", S69*R69) -> 178.8 | U69: =IF(OR(M69="",L69=""),0,(M69-L69)*24-N69/60) -> 5.1666667 | V69: =IF(OR(P69=0, G69="No Field Time"),0,P69/U69) -> 15.870968 | W69: =TEXT(B69,"dddd") -> Tuesday | X69: =IF(AND(OR(W69="Friday", W69="Saturday"), V69>=18), 50, 0) -> 0 | Y69: =IFERROR(__xludf.DUMMYFUNCTION("IFERROR( INDEX( FILTER(Reference!$D:$D, Reference!$A:$A=$E69, Reference!$C:$C=$Q69), 1),"""")"),46052.0) -> 46052 | Z69: =SUMIFS( $U:$U, $C:$C, $C69, $Q:$Q, $Q69 ) -> 25.35 | AA69: =IF(Z69=0,0, IF(Z69>=LOOKUP(Q69,MinHr_Weekly_Bonus!A:A,MinHr_Weekly_Bonus!B:B), LOOKUP(Q69,MinHr_Weekly_Bonus!A:A,MinHr_Weekly_Bonus!C:C), 0)) -> 100 | AB69: =T69+X69 -> 178.8 | AC69: =IF(AND(U69<1, V69>100, U69>0),"REVIEW: very high KPH","")
A70: Washington | B70: 46042 | C70: Samuel Wright | D70: Canvasser | E70: Campaign B | F70: Door | G70: Regular | H70: Maya Patel | I70: 0.45 | J70: 0.76180556 | K70: 30 | L70: 0.48958333 | M70: 0.72916667 | N70: 80 | O70: 1 | P70: 117 | Q70: =B70+MOD(6-WEEKDAY(B70,1),7) -> 46045 | R70: =IF(OR(I70="", J70=""),0,(J70-I70)*24-K70/60) -> 6.9833333 | S70: =IFERROR(__xludf.DUMMYFUNCTION("IFERROR( INDEX( FILTER( Reference!$F:$F, Reference!$A:$A = $E70, Reference!$E:$E = $D70, Reference!$C:$C = $Q70),1),""RATE_NOT_FOUND"")"),24.0) -> 24 | T70: =IF($S70="","", S70*R70) -> 167.6 | U70: =IF(OR(M70="",L70=""),0,(M70-L70)*24-N70/60) -> 4.4166667 | V70: =IF(OR(P70=0, G70="No Field Time"),0,P70/U70) -> 26.490566 | W70: =TEXT(B70,"dddd") -> Tuesday | X70: =IF(AND(OR(W70="Friday", W70="Saturday"), V70>=18), 50, 0) -> 0 | Y70: =IFERROR(__xludf.DUMMYFUNCTION("IFERROR( INDEX( FILTER(Reference!$D:$D, Reference!$A:$A=$E70, Reference!$C:$C=$Q70), 1),"""")"),46052.0) -> 46052 | Z70: =SUMIFS( $U:$U, $C:$C, $C70, $Q:$Q, $Q70 ) -> 19.166667 | AA70: =IF(Z70=0,0, IF(Z70>=LOOKUP(Q70,MinHr_Weekly_Bonus!A:A,MinHr_Weekly_Bonus!B:B), LOOKUP(Q70,MinHr_Weekly_Bonus!A:A,MinHr_Weekly_Bonus!C:C), 0)) -> 0 | AB70: =T70+X70 -> 167.6 | AC70: =IF(AND(U70<1, V70>100, U70>0),"REVIEW: very high KPH","")
A71: Washington | B71: 46043 | C71: Noah Levine | D71: Canvasser | E71: Campaign B | F71: Door | G71: No Field Time | H71: Maya Patel | I71: 0.5 | J71: 0.58333333 | K71: 0 | O71: 0 | P71: 0 | Q71: =B71+MOD(6-WEEKDAY(B71,1),7) -> 46045 | R71: =IF(OR(I71="", J71=""),0,(J71-I71)*24-K71/60) -> 2 | S71: =IFERROR(__xludf.DUMMYFUNCTION("IFERROR( INDEX( FILTER( Reference!$F:$F, Reference!$A:$A = $E71, Reference!$E:$E = $D71, Reference!$C:$C = $Q71),1),""RATE_NOT_FOUND"")"),24.0) -> 24 | T71: =IF($S71="","", S71*R71) -> 48 | U71: =IF(OR(M71="",L71=""),0,(M71-L71)*24-N71/60) -> 0 | V71: =IF(OR(P71=0, G71="No Field Time"),0,P71/U71) -> 0 | W71: =TEXT(B71,"dddd") -> Wednesday | X71: =IF(AND(OR(W71="Friday", W71="Saturday"), V71>=18), 50, 0) -> 0 | Y71: =IFERROR(__xludf.DUMMYFUNCTION("IFERROR( INDEX( FILTER(Reference!$D:$D, Reference!$A:$A=$E71, Reference!$C:$C=$Q71), 1),"""")"),46052.0) -> 46052 | Z71: =SUMIFS( $U:$U, $C:$C, $C71, $Q:$Q, $Q71 ) -> 0 | AA71: =IF(Z71=0,0, IF(Z71>=LOOKUP(Q71,MinHr_Weekly_Bonus!A:A,MinHr_Weekly_Bonus!B:B), LOOKUP(Q71,MinHr_Weekly_Bonus!A:A,MinHr_Weekly_Bonus!C:C), 0)) -> 0 | AB71: =T71+X71 -> 48 | AC71: =IF(AND(U71<1, V71>100, U71>0),"REVIEW: very high KPH","")
A72: Washington | B72: 46043 | C72: Samuel Wright | D72: Canvasser | E72: Campaign B | F72: Door | G72: Regular | H72: Maya Patel | I72: 0.45 | J72: 0.79166667 | K72: 30 | L72: 0.48958333 | M72: 0.72916667 | N72: 50 | O72: 1 | P72: 79 | Q72: =B72+MOD(6-WEEKDAY(B72,1),7) -> 46045 | R72: =IF(OR(I72="", J72=""),0,(J72-I72)*24-K72/60) -> 7.7 | S72: =IFERROR(__xludf.DUMMYFUNCTION("IFERROR( INDEX( FILTER( Reference!$F:$F, Reference!$A:$A = $E72, Reference!$E:$E = $D72, Reference!$C:$C = $Q72),1),""RATE_NOT_FOUND"")"),24.0) -> 24 | T72: =IF($S72="","", S72*R72) -> 184.8 | U72: =IF(OR(M72="",L72=""),0,(M72-L72)*24-N72/60) -> 4.9166667 | V72: =IF(OR(P72=0, G72="No Field Time"),0,P72/U72) -> 16.067797 | W72: =TEXT(B72,"dddd") -> Wednesday | X72: =IF(AND(OR(W72="Friday", W72="Saturday"), V72>=18), 50, 0) -> 0 | Y72: =IFERROR(__xludf.DUMMYFUNCTION("IFERROR( INDEX( FILTER(Reference!$D:$D, Reference!$A:$A=$E72, Reference!$C:$C=$Q72), 1),"""")"),46052.0) -> 46052 | Z72: =SUMIFS( $U:$U, $C:$C, $C72, $Q:$Q, $Q72 ) -> 19.166667 | AA72: =IF(Z72=0,0, IF(Z72>=LOOKUP(Q72,MinHr_Weekly_Bonus!A:A,MinHr_Weekly_Bonus!B:B), LOOKUP(Q72,MinHr_Weekly_Bonus!A:A,MinHr_Weekly_Bonus!C:C), 0)) -> 0 | AB72: =T72+X72 -> 184.8 | AC72: =IF(AND(U72<1, V72>100, U72>0),"REVIEW: very high KPH","")
A73: Washington | B73: 46043 | C73: Isabella Flores | D73: Canvasser | E73: Campaign B | F73: Door | G73: Regular | H73: Maya Patel | I73: 0.44583333 | J73: 0.78402778 | K73: 30 | L73: 0.48263889 | M73: 0.72916667 | N73: 50 | O73: 1 | P73: 84 | Q73: =B73+MOD(6-WEEKDAY(B73,1),7) -> 46045 | R73: =IF(OR(I73="", J73=""),0,(J73-I73)*24-K73/60) -> 7.6166667 | S73: =IFERROR(__xludf.DUMMYFUNCTION("IFERROR( INDEX( FILTER( Reference!$F:$F, Reference!$A:$A = $E73, Reference!$E:$E = $D73, Reference!$C:$C = $Q73),1),""RATE_NOT_FOUND"")"),24.0) -> 24 | T73: =IF($S73="","", S73*R73) -> 182.8 | U73: =IF(OR(M73="",L73=""),0,(M73-L73)*24-N73/60) -> 5.0833333 | V73: =IF(OR(P73=0, G73="No Field Time"),0,P73/U73) -> 16.52459 | W73: =TEXT(B73,"dddd") -> Wednesday | X73: =IF(AND(OR(W73="Friday", W73="Saturday"), V73>=18), 50, 0) -> 0 | Y73: =IFERROR(__xludf.DUMMYFUNCTION("IFERROR( INDEX( FILTER(Reference!$D:$D, Reference!$A:$A=$E73, Reference!$C:$C=$Q73), 1),"""")"),46052.0) -> 46052 | Z73: =SUMIFS( $U:$U, $C:$C, $C73, $Q:$Q, $Q73 ) -> 24.716667 | AA73: =IF(Z73=0,0, IF(Z73>=LOOKUP(Q73,MinHr_Weekly_Bonus!A:A,MinHr_Weekly_Bonus!B:B), LOOKUP(Q73,MinHr_Weekly_Bonus!A:A,MinHr_Weekly_Bonus!C:C), 0)) -> 100 | AB73: =T73+X73 -> 182.8 | AC73: =IF(AND(U73<1, V73>100, U73>0),"REVIEW: very high KPH","")
A74: Washington | B74: 46043 | C74: Maya Patel | D74: Team Lead | E74: Campaign B | F74: Door | G74: Regular | H74: Maya Patel | I74: 0.42430556 | J74: 0.77847222 | K74: 30 | L74: 0.48263889 | M74: 0.72916667 | N74: 50 | O74: 1 | P74: 109 | Q74: =B74+MOD(6-WEEKDAY(B74,1),7) -> 46045 | R74: =IF(OR(I74="", J74=""),0,(J74-I74)*24-K74/60) -> 8 | S74: =IFERROR(__xludf.DUMMYFUNCTION("IFERROR( INDEX( FILTER( Reference!$F:$F, Reference!$A:$A = $E74, Reference!$E:$E = $D74, Reference!$C:$C = $Q74),1),""RATE_NOT_FOUND"")"),26.0) -> 26 | T74: =IF($S74="","", S74*R74) -> 208 | U74: =IF(OR(M74="",L74=""),0,(M74-L74)*24-N74/60) -> 5.0833333 | V74: =IF(OR(P74=0, G74="No Field Time"),0,P74/U74) -> 21.442623 | W74: =TEXT(B74,"dddd") -> Wednesday | X74: =IF(AND(OR(W74="Friday", W74="Saturday"), V74>=18), 50, 0) -> 0 | Y74: =IFERROR(__xludf.DUMMYFUNCTION("IFERROR( INDEX( FILTER(Reference!$D:$D, Reference!$A:$A=$E74, Reference!$C:$C=$Q74), 1),"""")"),46052.0) -> 46052 | Z74: =SUMIFS( $U:$U, $C:$C, $C74, $Q:$Q, $Q74 ) -> 24.433333 | AA74: =IF(Z74=0,0, IF(Z74>=LOOKUP(Q74,MinHr_Weekly_Bonus!A:A,MinHr_Weekly_Bonus!B:B), LOOKUP(Q74,MinHr_Weekly_Bonus!A:A,MinHr_Weekly_Bonus!C:C), 0)) -> 100 | AB74: =T74+X74 -> 208 | AC74: =IF(AND(U74<1, V74>100, U74>0),"REVIEW: very high KPH","")
A75: Washington | B75: 46043 | C75: Rohan Mehta | D75: Canvasser | E75: Campaign A | F75: Door | G75: Regular | H75: Aisha Johnson | I75: 0.44791667 | J75: 0.79166667 | K75: 30 | L75: 0.47916667 | M75: 0.72916667 | N75: 50 | O75: 1 | P75: 61 | Q75: =B75+MOD(6-WEEKDAY(B75,1),7) -> 46045 | R75: =IF(OR(I75="", J75=""),0,(J75-I75)*24-K75/60) -> 7.75 | S75: =IFERROR(__xludf.DUMMYFUNCTION("IFERROR( INDEX( FILTER( Reference!$F:$F, Reference!$A:$A = $E75, Reference!$E:$E = $D75, Reference!$C:$C = $Q75),1),""RATE_NOT_FOUND"")"),24.0) -> 24 | T75: =IF($S75="","", S75*R75) -> 186 | U75: =IF(OR(M75="",L75=""),0,(M75-L75)*24-N75/60) -> 5.1666667 | V75: =IF(OR(P75=0, G75="No Field Time"),0,P75/U75) -> 11.806452 | W75: =TEXT(B75,"dddd") -> Wednesday | X75: =IF(AND(OR(W75="Friday", W75="Saturday"), V75>=18), 50, 0) -> 0 | Y75: =IFERROR(__xludf.DUMMYFUNCTION("IFERROR( INDEX( FILTER(Reference!$D:$D, Reference!$A:$A=$E75, Reference!$C:$C=$Q75), 1),"""")"),46052.0) -> 46052 | Z75: =SUMIFS( $U:$U, $C:$C, $C75, $Q:$Q, $Q75 ) -> 15.133333 | AA75: =IF(Z75=0,0, IF(Z75>=LOOKUP(Q75,MinHr_Weekly_Bonus!A:A,MinHr_Weekly_Bonus!B:B), LOOKUP(Q75,MinHr_Weekly_Bonus!A:A,MinHr_Weekly_Bonus!C:C), 0)) -> 0 | AB75: =T75+X75 -> 186 | AC75: =IF(AND(U75<1, V75>100, U75>0),"REVIEW: very high KPH","")
A76: Washington | B76: 46043 | C76: Ethan Brooks | D76: Canvasser | E76: Campaign A | F76: Door | G76: Regular | H76: Aisha Johnson | I76: 0.44444444 | J76: 0.76319444 | K76: 30 | L76: 0.47916667 | M76: 0.72916667 | N76: 50 | O76: 1 | P76: 67 | Q76: =B76+MOD(6-WEEKDAY(B76,1),7) -> 46045 | R76: =IF(OR(I76="", J76=""),0,(J76-I76)*24-K76/60) -> 7.15 | S76: =IFERROR(__xludf.DUMMYFUNCTION("IFERROR( INDEX( FILTER( Reference!$F:$F, Reference!$A:$A = $E76, Reference!$E:$E = $D76, Reference!$C:$C = $Q76),1),""RATE_NOT_FOUND"")"),24.0) -> 24 | T76: =IF($S76="","", S76*R76) -> 171.6 | U76: =IF(OR(M76="",L76=""),0,(M76-L76)*24-N76/60) -> 5.1666667 | V76: =IF(OR(P76=0, G76="No Field Time"),0,P76/U76) -> 12.967742 | W76: =TEXT(B76,"dddd") -> Wednesday | X76: =IF(AND(OR(W76="Friday", W76="Saturday"), V76>=18), 50, 0) -> 0 | Y76: =IFERROR(__xludf.DUMMYFUNCTION("IFERROR( INDEX( FILTER(Reference!$D:$D, Reference!$A:$A=$E76, Reference!$C:$C=$Q76), 1),"""")"),46052.0) -> 46052 | Z76: =SUMIFS( $U:$U, $C:$C, $C76, $Q:$Q, $Q76 ) -> 19.75 | AA76: =IF(Z76=0,0, IF(Z76>=LOOKUP(Q76,MinHr_Weekly_Bonus!A:A,MinHr_Weekly_Bonus!B:B), LOOKUP(Q76,MinHr_Weekly_Bonus!A:A,MinHr_Weekly_Bonus!C:C), 0)) -> 0 | AB76: =T76+X76 -> 171.6 | AC76: =IF(AND(U76<1, V76>100, U76>0),"REVIEW: very high KPH","")
A77: Washington | B77: 46043 | C77: Daniel Kim | D77: Canvasser | E77: Campaign A | F77: Door | G77: Regular | H77: Aisha Johnson | I77: 0.44791667 | J77: 0.76597222 | K77: 30 | L77: 0.47916667 | M77: 0.72916667 | N77: 60 | O77: 1 | P77: 71 | Q77: =B77+MOD(6-WEEKDAY(B77,1),7) -> 46045 | R77: =IF(OR(I77="", J77=""),0,(J77-I77)*24-K77/60) -> 7.1333333 | S77: =IFERROR(__xludf.DUMMYFUNCTION("IFERROR( INDEX( FILTER( Reference!$F:$F, Reference!$A:$A = $E77, Reference!$E:$E = $D77, Reference!$C:$C = $Q77),1),""RATE_NOT_FOUND"")"),24.0) -> 24 | T77: =IF($S77="","", S77*R77) -> 171.2 | U77: =IF(OR(M77="",L77=""),0,(M77-L77)*24-N77/60) -> 5 | V77: =IF(OR(P77=0, G77="No Field Time"),0,P77/U77) -> 14.2 | W77: =TEXT(B77,"dddd") -> Wednesday | X77: =IF(AND(OR(W77="Friday", W77="Saturday"), V77>=18), 50, 0) -> 0 | Y77: =IFERROR(__xludf.DUMMYFUNCTION("IFERROR( INDEX( FILTER(Reference!$D:$D, Reference!$A:$A=$E77, Reference!$C:$C=$Q77), 1),"""")"),46052.0) -> 46052 | Z77: =SUMIFS( $U:$U, $C:$C, $C77, $Q:$Q, $Q77 ) -> 19.166667 | AA77: =IF(Z77=0,0, IF(Z77>=LOOKUP(Q77,MinHr_Weekly_Bonus!A:A,MinHr_Weekly_Bonus!B:B), LOOKUP(Q77,MinHr_Weekly_Bonus!A:A,MinHr_Weekly_Bonus!C:C), 0)) -> 0 | AB77: =T77+X77 -> 171.2 | AC77: =IF(AND(U77<1, V77>100, U77>0),"REVIEW: very high KPH","")
A78: Washington | B78: 46043 | C78: Priya Nair | D78: Canvasser | E78: Campaign A | F78: Door | G78: Regular | H78: Aisha Johnson | I78: 0.44444444 | J78: 0.78541667 | K78: 30 | L78: 0.48958333 | M78: 0.72916667 | N78: 60 | O78: 1 | P78: 78 | Q78: =B78+MOD(6-WEEKDAY(B78,1),7) -> 46045 | R78: =IF(OR(I78="", J78=""),0,(J78-I78)*24-K78/60) -> 7.6833333 | S78: =IFERROR(__xludf.DUMMYFUNCTION("IFERROR( INDEX( FILTER( Reference!$F:$F, Reference!$A:$A = $E78, Reference!$E:$E = $D78, Reference!$C:$C = $Q78),1),""RATE_NOT_FOUND"")"),24.0) -> 24 | T78: =IF($S78="","", S78*R78) -> 184.4 | U78: =IF(OR(M78="",L78=""),0,(M78-L78)*24-N78/60) -> 4.75 | V78: =IF(OR(P78=0, G78="No Field Time"),0,P78/U78) -> 16.421053 | W78: =TEXT(B78,"dddd") -> Wednesday | X78: =IF(AND(OR(W78="Friday", W78="Saturday"), V78>=18), 50, 0) -> 0 | Y78: =IFERROR(__xludf.DUMMYFUNCTION("IFERROR( INDEX( FILTER(Reference!$D:$D, Reference!$A:$A=$E78, Reference!$C:$C=$Q78), 1),"""")"),46052.0) -> 46052 | Z78: =SUMIFS( $U:$U, $C:$C, $C78, $Q:$Q, $Q78 ) -> 24.116667 | AA78: =IF(Z78=0,0, IF(Z78>=LOOKUP(Q78,MinHr_Weekly_Bonus!A:A,MinHr_Weekly_Bonus!B:B), LOOKUP(Q78,MinHr_Weekly_Bonus!A:A,MinHr_Weekly_Bonus!C:C), 0)) -> 100 | AB78: =T78+X78 -> 184.4 | AC78: =IF(AND(U78<1, V78>100, U78>0),"REVIEW: very high KPH","")
A79: Washington | B79: 46043 | C79: Natalie Rivera | D79: Canvasser | E79: Campaign A | F79: Door | G79: Regular | H79: Aisha Johnson | I79: 0.44791667 | J79: 0.79166667 | K79: 30 | L79: 0.49305556 | M79: 0.72916667 | N79: 75 | O79: 1 | P79: 92 | Q79: =B79+MOD(6-WEEKDAY(B79,1),7) -> 46045 | R79: =IF(OR(I79="", J79=""),0,(J79-I79)*24-K79/60) -> 7.75 | S79: =IFERROR(__xludf.DUMMYFUNCTION("IFERROR( INDEX( FILTER( Reference!$F:$F, Reference!$A:$A = $E79, Reference!$E:$E = $D79, Reference!$C:$C = $Q79),1),""RATE_NOT_FOUND"")"),24.0) -> 24 | T79: =IF($S79="","", S79*R79) -> 186 | U79: =IF(OR(M79="",L79=""),0,(M79-L79)*24-N79/60) -> 4.4166667 | V79: =IF(OR(P79=0, G79="No Field Time"),0,P79/U79) -> 20.830189 | W79: =TEXT(B79,"dddd") -> Wednesday | X79: =IF(AND(OR(W79="Friday", W79="Saturday"), V79>=18), 50, 0) -> 0 | Y79: =IFERROR(__xludf.DUMMYFUNCTION("IFERROR( INDEX( FILTER(Reference!$D:$D, Reference!$A:$A=$E79, Reference!$C:$C=$Q79), 1),"""")"),46052.0) -> 46052 | Z79: =SUMIFS( $U:$U, $C:$C, $C79, $Q:$Q, $Q79 ) -> 9.1666667 | AA79: =IF(Z79=0,0, IF(Z79>=LOOKUP(Q79,MinHr_Weekly_Bonus!A:A,MinHr_Weekly_Bonus!B:B), LOOKUP(Q79,MinHr_Weekly_Bonus!A:A,MinHr_Weekly_Bonus!C:C), 0)) -> 0 | AB79: =T79+X79 -> 186 | AC79: =IF(AND(U79<1, V79>100, U79>0),"REVIEW: very high KPH","")
A80: Washington | B80: 46043 | C80: Aisha Johnson | D80: Team Lead | E80: Campaign A | F80: Door | G80: Regular | H80: Aisha Johnson | I80: 0.425 | J80: 0.78680556 | K80: 30 | L80: 0.48958333 | M80: 0.72916667 | N80: 50 | O80: 1 | P80: 101 | Q80: =B80+MOD(6-WEEKDAY(B80,1),7) -> 46045 | R80: =IF(OR(I80="", J80=""),0,(J80-I80)*24-K80/60) -> 8.1833333 | S80: =IFERROR(__xludf.DUMMYFUNCTION("IFERROR( INDEX( FILTER( Reference!$F:$F, Reference!$A:$A = $E80, Reference!$E:$E = $D80, Reference!$C:$C = $Q80),1),""RATE_NOT_FOUND"")"),26.0) -> 26 | T80: =IF($S80="","", S80*R80) -> 212.76667 | U80: =IF(OR(M80="",L80=""),0,(M80-L80)*24-N80/60) -> 4.9166667 | V80: =IF(OR(P80=0, G80="No Field Time"),0,P80/U80) -> 20.542373 | W80: =TEXT(B80,"dddd") -> Wednesday | X80: =IF(AND(OR(W80="Friday", W80="Saturday"), V80>=18), 50, 0) -> 0 | Y80: =IFERROR(__xludf.DUMMYFUNCTION("IFERROR( INDEX( FILTER(Reference!$D:$D, Reference!$A:$A=$E80, Reference!$C:$C=$Q80), 1),"""")"),46052.0) -> 46052 | Z80: =SUMIFS( $U:$U, $C:$C, $C80, $Q:$Q, $Q80 ) -> 23.833333 | AA80: =IF(Z80=0,0, IF(Z80>=LOOKUP(Q80,MinHr_Weekly_Bonus!A:A,MinHr_Weekly_Bonus!B:B), LOOKUP(Q80,MinHr_Weekly_Bonus!A:A,MinHr_Weekly_Bonus!C:C), 0)) -> 100 | AB80: =T80+X80 -> 212.76667 | AC80: =IF(AND(U80<1, V80>100, U80>0),"REVIEW: very high KPH","")
A81: Washington | B81: 46043 | C81: Alejandro Cruz | D81: Canvasser | E81: Campaign B | F81: Door | G81: Regular | H81: Emily Chen | I81: 0.45277778 | J81: 0.78888889 | K81: 30 | L81: 0.48611111 | M81: 0.72916667 | N81: 50 | O81: 1 | P81: 51 | Q81: =B81+MOD(6-WEEKDAY(B81,1),7) -> 46045 | R81: =IF(OR(I81="", J81=""),0,(J81-I81)*24-K81/60) -> 7.5666667 | S81: =IFERROR(__xludf.DUMMYFUNCTION("IFERROR( INDEX( FILTER( Reference!$F:$F, Reference!$A:$A = $E81, Reference!$E:$E = $D81, Reference!$C:$C = $Q81),1),""RATE_NOT_FOUND"")"),24.0) -> 24 | T81: =IF($S81="","", S81*R81) -> 181.6 | U81: =IF(OR(M81="",L81=""),0,(M81-L81)*24-N81/60) -> 5 | V81: =IF(OR(P81=0, G81="No Field Time"),0,P81/U81) -> 10.2 | W81: =TEXT(B81,"dddd") -> Wednesday | X81: =IF(AND(OR(W81="Friday", W81="Saturday"), V81>=18), 50, 0) -> 0 | Y81: =IFERROR(__xludf.DUMMYFUNCTION("IFERROR( INDEX( FILTER(Reference!$D:$D, Reference!$A:$A=$E81, Reference!$C:$C=$Q81), 1),"""")"),46052.0) -> 46052 | Z81: =SUMIFS( $U:$U, $C:$C, $C81, $Q:$Q, $Q81 ) -> 25.35 | AA81: =IF(Z81=0,0, IF(Z81>=LOOKUP(Q81,MinHr_Weekly_Bonus!A:A,MinHr_Weekly_Bonus!B:B), LOOKUP(Q81,MinHr_Weekly_Bonus!A:A,MinHr_Weekly_Bonus!C:C), 0)) -> 100 | AB81: =T81+X81 -> 181.6 | AC81: =IF(AND(U81<1, V81>100, U81>0),"REVIEW: very high KPH","")
A82: Washington | B82: 46043 | C82: Fatima Hassan | D82: Canvasser | E82: Campaign B | F82: Door | G82: Regular | H82: Emily Chen | I82: 0.44791667 | J82: 0.79166667 | K82: 30 | L82: 0.48611111 | M82: 0.72916667 | N82: 50 | O82: 1 | P82: 109 | Q82: =B82+MOD(6-WEEKDAY(B82,1),7) -> 46045 | R82: =IF(OR(I82="", J82=""),0,(J82-I82)*24-K82/60) -> 7.75 | S82: =IFERROR(__xludf.DUMMYFUNCTION("IFERROR( INDEX( FILTER( Reference!$F:$F, Reference!$A:$A = $E82, Reference!$E:$E = $D82, Reference!$C:$C = $Q82),1),""RATE_NOT_FOUND"")"),24.0) -> 24 | T82: =IF($S82="","", S82*R82) -> 186 | U82: =IF(OR(M82="",L82=""),0,(M82-L82)*24-N82/60) -> 5 | V82: =IF(OR(P82=0, G82="No Field Time"),0,P82/U82) -> 21.8 | W82: =TEXT(B82,"dddd") -> Wednesday | X82: =IF(AND(OR(W82="Friday", W82="Saturday"), V82>=18), 50, 0) -> 0 | Y82: =IFERROR(__xludf.DUMMYFUNCTION("IFERROR( INDEX( FILTER(Reference!$D:$D, Reference!$A:$A=$E82, Reference!$C:$C=$Q82), 1),"""")"),46052.0) -> 46052 | Z82: =SUMIFS( $U:$U, $C:$C, $C82, $Q:$Q, $Q82 ) -> 24.916667 | AA82: =IF(Z82=0,0, IF(Z82>=LOOKUP(Q82,MinHr_Weekly_Bonus!A:A,MinHr_Weekly_Bonus!B:B), LOOKUP(Q82,MinHr_Weekly_Bonus!A:A,MinHr_Weekly_Bonus!C:C), 0)) -> 100 | AB82: =T82+X82 -> 186 | AC82: =IF(AND(U82<1, V82>100, U82>0),"REVIEW: very high KPH","")
A83: Washington | B83: 46043 | C83: Benjamin Stein | D83: Canvasser | E83: Campaign B | F83: Door | G83: Regular | H83: Emily Chen | I83: 0.44861111 | J83: 0.79513889 | K83: 30 | L83: 0.5 | M83: 0.72916667 | N83: 50 | O83: 1 | P83: 107 | Q83: =B83+MOD(6-WEEKDAY(B83,1),7) -> 46045 | R83: =IF(OR(I83="", J83=""),0,(J83-I83)*24-K83/60) -> 7.8166667 | S83: =IFERROR(__xludf.DUMMYFUNCTION("IFERROR( INDEX( FILTER( Reference!$F:$F, Reference!$A:$A = $E83, Reference!$E:$E = $D83, Reference!$C:$C = $Q83),1),""RATE_NOT_FOUND"")"),24.0) -> 24 | T83: =IF($S83="","", S83*R83) -> 187.6 | U83: =IF(OR(M83="",L83=""),0,(M83-L83)*24-N83/60) -> 4.6666667 | V83: =IF(OR(P83=0, G83="No Field Time"),0,P83/U83) -> 22.928571 | W83: =TEXT(B83,"dddd") -> Wednesday | X83: =IF(AND(OR(W83="Friday", W83="Saturday"), V83>=18), 50, 0) -> 0 | Y83: =IFERROR(__xludf.DUMMYFUNCTION("IFERROR( INDEX( FILTER(Reference!$D:$D, Reference!$A:$A=$E83, Reference!$C:$C=$Q83), 1),"""")"),46052.0) -> 46052 | Z83: =SUMIFS( $U:$U, $C:$C, $C83, $Q:$Q, $Q83 ) -> 14.583333 | AA83: =IF(Z83=0,0, IF(Z83>=LOOKUP(Q83,MinHr_Weekly_Bonus!A:A,MinHr_Weekly_Bonus!B:B), LOOKUP(Q83,MinHr_Weekly_Bonus!A:A,MinHr_Weekly_Bonus!C:C), 0)) -> 0 | AB83: =T83+X83 -> 187.6 | AC83: =IF(AND(U83<1, V83>100, U83>0),"REVIEW: very high KPH","")
A84: Washington | B84: 46043 | C84: Emily Chen | D84: Team Lead | E84: Campaign B | F84: Door | G84: Regular | H84: Emily Chen | I84: 0.425 | J84: 0.78819444 | K84: 30 | L84: 0.48611111 | M84: 0.72916667 | N84: 50 | O84: 1 | P84: 100 | Q84: =B84+MOD(6-WEEKDAY(B84,1),7) -> 46045 | R84: =IF(OR(I84="", J84=""),0,(J84-I84)*24-K84/60) -> 8.2166667 | S84: =IFERROR(__xludf.DUMMYFUNCTION("IFERROR( INDEX( FILTER( Reference!$F:$F, Reference!$A:$A = $E84, Reference!$E:$E = $D84, Reference!$C:$C = $Q84),1),""RATE_NOT_FOUND"")"),26.0) -> 26 | T84: =IF($S84="","", S84*R84) -> 213.63333 | U84: =IF(OR(M84="",L84=""),0,(M84-L84)*24-N84/60) -> 5 | V84: =IF(OR(P84=0, G84="No Field Time"),0,P84/U84) -> 20 | W84: =TEXT(B84,"dddd") -> Wednesday | X84: =IF(AND(OR(W84="Friday", W84="Saturday"), V84>=18), 50, 0) -> 0 | Y84: =IFERROR(__xludf.DUMMYFUNCTION("IFERROR( INDEX( FILTER(Reference!$D:$D, Reference!$A:$A=$E84, Reference!$C:$C=$Q84), 1),"""")"),46052.0) -> 46052 | Z84: =SUMIFS( $U:$U, $C:$C, $C84, $Q:$Q, $Q84 ) -> 9.6 | AA84: =IF(Z84=0,0, IF(Z84>=LOOKUP(Q84,MinHr_Weekly_Bonus!A:A,MinHr_Weekly_Bonus!B:B), LOOKUP(Q84,MinHr_Weekly_Bonus!A:A,MinHr_Weekly_Bonus!C:C), 0)) -> 0 | AB84: =T84+X84 -> 213.63333 | AC84: =IF(AND(U84<1, V84>100, U84>0),"REVIEW: very high KPH","")
A85: Washington | B85: 46043 | C85: Olivia Bennett | D85: Canvasser | E85: Campaign B | F85: Door | G85: Regular | H85: Grace Nguyen | I85: 0.44791667 | J85: 0.79166667 | K85: 30 | L85: 0.5 | M85: 0.72916667 | N85: 50 | O85: 1 | P85: 51 | Q85: =B85+MOD(6-WEEKDAY(B85,1),7) -> 46045 | R85: =IF(OR(I85="", J85=""),0,(J85-I85)*24-K85/60) -> 7.75 | S85: =IFERROR(__xludf.DUMMYFUNCTION("IFERROR( INDEX( FILTER( Reference!$F:$F, Reference!$A:$A = $E85, Reference!$E:$E = $D85, Reference!$C:$C = $Q85),1),""RATE_NOT_FOUND"")"),24.0) -> 24 | T85: =IF($S85="","", S85*R85) -> 186 | U85: =IF(OR(M85="",L85=""),0,(M85-L85)*24-N85/60) -> 4.6666667 | V85: =IF(OR(P85=0, G85="No Field Time"),0,P85/U85) -> 10.928571 | W85: =TEXT(B85,"dddd") -> Wednesday | X85: =IF(AND(OR(W85="Friday", W85="Saturday"), V85>=18), 50, 0) -> 0 | Y85: =IFERROR(__xludf.DUMMYFUNCTION("IFERROR( INDEX( FILTER(Reference!$D:$D, Reference!$A:$A=$E85, Reference!$C:$C=$Q85), 1),"""")"),46052.0) -> 46052 | Z85: =SUMIFS( $U:$U, $C:$C, $C85, $Q:$Q, $Q85 ) -> 14.216667 | AA85: =IF(Z85=0,0, IF(Z85>=LOOKUP(Q85,MinHr_Weekly_Bonus!A:A,MinHr_Weekly_Bonus!B:B), LOOKUP(Q85,MinHr_Weekly_Bonus!A:A,MinHr_Weekly_Bonus!C:C), 0)) -> 0 | AB85: =T85+X85 -> 186 | AC85: =IF(AND(U85<1, V85>100, U85>0),"REVIEW: very high KPH","")
A86: Washington | B86: 46043 | C86: Grace Nguyen | D86: Team Lead | E86: Campaign B | F86: Door | G86: Regular | H86: Grace Nguyen | I86: 0.44444444 | J86: 0.79236111 | K86: 30 | L86: 0.5 | M86: 0.72916667 | N86: 60 | O86: 1 | P86: 85 | Q86: =B86+MOD(6-WEEKDAY(B86,1),7) -> 46045 | R86: =IF(OR(I86="", J86=""),0,(J86-I86)*24-K86/60) -> 7.85 | S86: =IFERROR(__xludf.DUMMYFUNCTION("IFERROR( INDEX( FILTER( Reference!$F:$F, Reference!$A:$A = $E86, Reference!$E:$E = $D86, Reference!$C:$C = $Q86),1),""RATE_NOT_FOUND"")"),26.0) -> 26 | T86: =IF($S86="","", S86*R86) -> 204.1 | U86: =IF(OR(M86="",L86=""),0,(M86-L86)*24-N86/60) -> 4.5 | V86: =IF(OR(P86=0, G86="No Field Time"),0,P86/U86) -> 18.888889 | W86: =TEXT(B86,"dddd") -> Wednesday | X86: =IF(AND(OR(W86="Friday", W86="Saturday"), V86>=18), 50, 0) -> 0 | Y86: =IFERROR(__xludf.DUMMYFUNCTION("IFERROR( INDEX( FILTER(Reference!$D:$D, Reference!$A:$A=$E86, Reference!$C:$C=$Q86), 1),"""")"),46052.0) -> 46052 | Z86: =SUMIFS( $U:$U, $C:$C, $C86, $Q:$Q, $Q86 ) -> 19.366667 | AA86: =IF(Z86=0,0, IF(Z86>=LOOKUP(Q86,MinHr_Weekly_Bonus!A:A,MinHr_Weekly_Bonus!B:B), LOOKUP(Q86,MinHr_Weekly_Bonus!A:A,MinHr_Weekly_Bonus!C:C), 0)) -> 0 | AB86: =T86+X86 -> 204.1 | AC86: =IF(AND(U86<1, V86>100, U86>0),"REVIEW: very high KPH","")
A87: Washington | B87: 46043 | C87: Marcus Thompson | D87: Team Lead | E87: Campaign A | F87: Door | G87: Regular | H87: Marcus Thompson | I87: 0.44722222 | J87: 0.77847222 | K87: 30 | L87: 0.48958333 | M87: 0.72916667 | N87: 50 | O87: 1 | P87: 89 | Q87: =B87+MOD(6-WEEKDAY(B87,1),7) -> 46045 | R87: =IF(OR(I87="", J87=""),0,(J87-I87)*24-K87/60) -> 7.45 | S87: =IFERROR(__xludf.DUMMYFUNCTION("IFERROR( INDEX( FILTER( Reference!$F:$F, Reference!$A:$A = $E87, Reference!$E:$E = $D87, Reference!$C:$C = $Q87),1),""RATE_NOT_FOUND"")"),26.0) -> 26 | T87: =IF($S87="","", S87*R87) -> 193.7 | U87: =IF(OR(M87="",L87=""),0,(M87-L87)*24-N87/60) -> 4.9166667 | V87: =IF(OR(P87=0, G87="No Field Time"),0,P87/U87) -> 18.101695 | W87: =TEXT(B87,"dddd") -> Wednesday | X87: =IF(AND(OR(W87="Friday", W87="Saturday"), V87>=18), 50, 0) -> 0 | Y87: =IFERROR(__xludf.DUMMYFUNCTION("IFERROR( INDEX( FILTER(Reference!$D:$D, Reference!$A:$A=$E87, Reference!$C:$C=$Q87), 1),"""")"),46052.0) -> 46052 | Z87: =SUMIFS( $U:$U, $C:$C, $C87, $Q:$Q, $Q87 ) -> 14.583333 | AA87: =IF(Z87=0,0, IF(Z87>=LOOKUP(Q87,MinHr_Weekly_Bonus!A:A,MinHr_Weekly_Bonus!B:B), LOOKUP(Q87,MinHr_Weekly_Bonus!A:A,MinHr_Weekly_Bonus!C:C), 0)) -> 0 | AB87: =T87+X87 -> 193.7 | AC87: =IF(AND(U87<1, V87>100, U87>0),"REVIEW: very high KPH","")
A88: Washington | B88: 46043 | C88: Zainab Ali | D88: Support Staff | E88: Campaign A | F88: Door | G88: Regular | I88: 0.64375 | J88: 0.8375 | K88: 0 | O88: 1 | Q88: =B88+MOD(6-WEEKDAY(B88,1),7) -> 46045 | R88: =IF(OR(I88="", J88=""),0,(J88-I88)*24-K88/60) -> 4.65 | S88: =IFERROR(__xludf.DUMMYFUNCTION("IFERROR( INDEX( FILTER( Reference!$F:$F, Reference!$A:$A = $E88, Reference!$E:$E = $D88, Reference!$C:$C = $Q88),1),""RATE_NOT_FOUND"")"),22.0) -> 22 | T88: =IF($S88="","", S88*R88) -> 102.3 | U88: =IF(OR(M88="",L88=""),0,(M88-L88)*24-N88/60) -> 0 | V88: =IF(OR(P88=0, G88="No Field Time"),0,P88/U88) -> 0 | W88: =TEXT(B88,"dddd") -> Wednesday | X88: =IF(AND(OR(W88="Friday", W88="Saturday"), V88>=18), 50, 0) -> 0 | Y88: =IFERROR(__xludf.DUMMYFUNCTION("IFERROR( INDEX( FILTER(Reference!$D:$D, Reference!$A:$A=$E88, Reference!$C:$C=$Q88), 1),"""")"),46052.0) -> 46052 | Z88: =SUMIFS( $U:$U, $C:$C, $C88, $Q:$Q, $Q88 ) -> 0 | AA88: =IF(Z88=0,0, IF(Z88>=LOOKUP(Q88,MinHr_Weekly_Bonus!A:A,MinHr_Weekly_Bonus!B:B), LOOKUP(Q88,MinHr_Weekly_Bonus!A:A,MinHr_Weekly_Bonus!C:C), 0)) -> 0 | AB88: =T88+X88 -> 102.3 | AC88: =IF(AND(U88<1, V88>100, U88>0),"REVIEW: very high KPH","")
A89: Washington | B89: 46044 | C89: Maya Patel | D89: Team Lead | E89: Campaign A | F89: Door | G89: Regular | H89: Maya Patel | I89: 0.42708333 | J89: 0.79791667 | K89: 30 | L89: 0.47916667 | M89: 0.72916667 | N89: 60 | O89: 1 | P89: 106 | Q89: =B89+MOD(6-WEEKDAY(B89,1),7) -> 46045 | R89: =IF(OR(I89="", J89=""),0,(J89-I89)*24-K89/60) -> 8.4 | S89: =IFERROR(__xludf.DUMMYFUNCTION("IFERROR( INDEX( FILTER( Reference!$F:$F, Reference!$A:$A = $E89, Reference!$E:$E = $D89, Reference!$C:$C = $Q89),1),""RATE_NOT_FOUND"")"),26.0) -> 26 | T89: =IF($S89="","", S89*R89) -> 218.4 | U89: =IF(OR(M89="",L89=""),0,(M89-L89)*24-N89/60) -> 5 | V89: =IF(OR(P89=0, G89="No Field Time"),0,P89/U89) -> 21.2 | W89: =TEXT(B89,"dddd") -> Thursday | X89: =IF(AND(OR(W89="Friday", W89="Saturday"), V89>=18), 50, 0) -> 0 | Y89: =IFERROR(__xludf.DUMMYFUNCTION("IFERROR( INDEX( FILTER(Reference!$D:$D, Reference!$A:$A=$E89, Reference!$C:$C=$Q89), 1),"""")"),46052.0) -> 46052 | Z89: =SUMIFS( $U:$U, $C:$C, $C89, $Q:$Q, $Q89 ) -> 24.433333 | AA89: =IF(Z89=0,0, IF(Z89>=LOOKUP(Q89,MinHr_Weekly_Bonus!A:A,MinHr_Weekly_Bonus!B:B), LOOKUP(Q89,MinHr_Weekly_Bonus!A:A,MinHr_Weekly_Bonus!C:C), 0)) -> 100 | AB89: =T89+X89 -> 218.4 | AC89: =IF(AND(U89<1, V89>100, U89>0),"REVIEW: very high KPH","")
A90: Washington | B90: 46044 | C90: Julia Kowalski | D90: Canvasser | E90: Campaign A | F90: Door | G90: Regular | H90: Maya Patel | I90: 0.39583333 | J90: 0.77083333 | K90: 30 | L90: 0.47916667 | M90: 0.72916667 | N90: 50 | O90: 1 | P90: 102 | Q90: =B90+MOD(6-WEEKDAY(B90,1),7) -> 46045 | R90: =IF(OR(I90="", J90=""),0,(J90-I90)*24-K90/60) -> 8.5 | S90: =IFERROR(__xludf.DUMMYFUNCTION("IFERROR( INDEX( FILTER( Reference!$F:$F, Reference!$A:$A = $E90, Reference!$E:$E = $D90, Reference!$C:$C = $Q90),1),""RATE_NOT_FOUND"")"),24.0) -> 24 | T90: =IF($S90="","", S90*R90) -> 204 | U90: =IF(OR(M90="",L90=""),0,(M90-L90)*24-N90/60) -> 5.1666667 | V90: =IF(OR(P90=0, G90="No Field Time"),0,P90/U90) -> 19.741935 | W90: =TEXT(B90,"dddd") -> Thursday | X90: =IF(AND(OR(W90="Friday", W90="Saturday"), V90>=18), 50, 0) -> 0 | Y90: =IFERROR(__xludf.DUMMYFUNCTION("IFERROR( INDEX( FILTER(Reference!$D:$D, Reference!$A:$A=$E90, Reference!$C:$C=$Q90), 1),"""")"),46052.0) -> 46052 | Z90: =SUMIFS( $U:$U, $C:$C, $C90, $Q:$Q, $Q90 ) -> 10.333333 | AA90: =IF(Z90=0,0, IF(Z90>=LOOKUP(Q90,MinHr_Weekly_Bonus!A:A,MinHr_Weekly_Bonus!B:B), LOOKUP(Q90,MinHr_Weekly_Bonus!A:A,MinHr_Weekly_Bonus!C:C), 0)) -> 0 | AB90: =T90+X90 -> 204 | AC90: =IF(AND(U90<1, V90>100, U90>0),"REVIEW: very high KPH","")
A91: Washington | B91: 46044 | C91: Jamal Washington | D91: Canvasser | E91: Campaign A | F91: Door | G91: Regular | H91: Maya Patel | I91: 0.45833333 | J91: 0.78125 | K91: 30 | L91: 0.47916667 | M91: 0.72916667 | N91: 60 | O91: 1 | P91: 58 | Q91: =B91+MOD(6-WEEKDAY(B91,1),7) -> 46045 | R91: =IF(OR(I91="", J91=""),0,(J91-I91)*24-K91/60) -> 7.25 | S91: =IFERROR(__xludf.DUMMYFUNCTION("IFERROR( INDEX( FILTER( Reference!$F:$F, Reference!$A:$A = $E91, Reference!$E:$E = $D91, Reference!$C:$C = $Q91),1),""RATE_NOT_FOUND"")"),24.0) -> 24 | T91: =IF($S91="","", S91*R91) -> 174 | U91: =IF(OR(M91="",L91=""),0,(M91-L91)*24-N91/60) -> 5 | V91: =IF(OR(P91=0, G91="No Field Time"),0,P91/U91) -> 11.6 | W91: =TEXT(B91,"dddd") -> Thursday | X91: =IF(AND(OR(W91="Friday", W91="Saturday"), V91>=18), 50, 0) -> 0 | Y91: =IFERROR(__xludf.DUMMYFUNCTION("IFERROR( INDEX( FILTER(Reference!$D:$D, Reference!$A:$A=$E91, Reference!$C:$C=$Q91), 1),"""")"),46052.0) -> 46052 | Z91: =SUMIFS( $U:$U, $C:$C, $C91, $Q:$Q, $Q91 ) -> 9.5833333 | AA91: =IF(Z91=0,0, IF(Z91>=LOOKUP(Q91,MinHr_Weekly_Bonus!A:A,MinHr_Weekly_Bonus!B:B), LOOKUP(Q91,MinHr_Weekly_Bonus!A:A,MinHr_Weekly_Bonus!C:C), 0)) -> 0 | AB91: =T91+X91 -> 174 | AC91: =IF(AND(U91<1, V91>100, U91>0),"REVIEW: very high KPH","")
A92: Washington | B92: 46044 | C92: Alejandro Cruz | D92: Canvasser | E92: Campaign A | F92: Door | G92: Regular | H92: Maya Patel | I92: 0.44791667 | J92: 0.78125 | K92: 30 | L92: 0.47916667 | M92: 0.72916667 | N92: 50 | O92: 1 | P92: 98 | Q92: =B92+MOD(6-WEEKDAY(B92,1),7) -> 46045 | R92: =IF(OR(I92="", J92=""),0,(J92-I92)*24-K92/60) -> 7.5 | S92: =IFERROR(__xludf.DUMMYFUNCTION("IFERROR( INDEX( FILTER( Reference!$F:$F, Reference!$A:$A = $E92, Reference!$E:$E = $D92, Reference!$C:$C = $Q92),1),""RATE_NOT_FOUND"")"),24.0) -> 24 | T92: =IF($S92="","", S92*R92) -> 180 | U92: =IF(OR(M92="",L92=""),0,(M92-L92)*24-N92/60) -> 5.1666667 | V92: =IF(OR(P92=0, G92="No Field Time"),0,P92/U92) -> 18.967742 | W92: =TEXT(B92,"dddd") -> Thursday | X92: =IF(AND(OR(W92="Friday", W92="Saturday"), V92>=18), 50, 0) -> 0 | Y92: =IFERROR(__xludf.DUMMYFUNCTION("IFERROR( INDEX( FILTER(Reference!$D:$D, Reference!$A:$A=$E92, Reference!$C:$C=$Q92), 1),"""")"),46052.0) -> 46052 | Z92: =SUMIFS( $U:$U, $C:$C, $C92, $Q:$Q, $Q92 ) -> 25.35 | AA92: =IF(Z92=0,0, IF(Z92>=LOOKUP(Q92,MinHr_Weekly_Bonus!A:A,MinHr_Weekly_Bonus!B:B), LOOKUP(Q92,MinHr_Weekly_Bonus!A:A,MinHr_Weekly_Bonus!C:C), 0)) -> 100 | AB92: =T92+X92 -> 180 | AC92: =IF(AND(U92<1, V92>100, U92>0),"REVIEW: very high KPH","")
A93: Washington | B93: 46044 | C93: Ahmed El-Sayed | D93: Canvasser | E93: Campaign A | F93: Door | G93: Regular | H93: Maya Patel | I93: 0.45069444 | J93: 0.77777778 | K93: 30 | L93: 0.48611111 | M93: 0.73333333 | N93: 50 | O93: 1 | P93: 55 | Q93: =B93+MOD(6-WEEKDAY(B93,1),7) -> 46045 | R93: =IF(OR(I93="", J93=""),0,(J93-I93)*24-K93/60) -> 7.35 | S93: =IFERROR(__xludf.DUMMYFUNCTION("IFERROR( INDEX( FILTER( Reference!$F:$F, Reference!$A:$A = $E93, Reference!$E:$E = $D93, Reference!$C:$C = $Q93),1),""RATE_NOT_FOUND"")"),24.0) -> 24 | T93: =IF($S93="","", S93*R93) -> 176.4 | U93: =IF(OR(M93="",L93=""),0,(M93-L93)*24-N93/60) -> 5.1 | V93: =IF(OR(P93=0, G93="No Field Time"),0,P93/U93) -> 10.784314 | W93: =TEXT(B93,"dddd") -> Thursday | X93: =IF(AND(OR(W93="Friday", W93="Saturday"), V93>=18), 50, 0) -> 0 | Y93: =IFERROR(__xludf.DUMMYFUNCTION("IFERROR( INDEX( FILTER(Reference!$D:$D, Reference!$A:$A=$E93, Reference!$C:$C=$Q93), 1),"""")"),46052.0) -> 46052 | Z93: =SUMIFS( $U:$U, $C:$C, $C93, $Q:$Q, $Q93 ) -> 10.266667 | AA93: =IF(Z93=0,0, IF(Z93>=LOOKUP(Q93,MinHr_Weekly_Bonus!A:A,MinHr_Weekly_Bonus!B:B), LOOKUP(Q93,MinHr_Weekly_Bonus!A:A,MinHr_Weekly_Bonus!C:C), 0)) -> 0 | AB93: =T93+X93 -> 176.4 | AC93: =IF(AND(U93<1, V93>100, U93>0),"REVIEW: very high KPH","")
A94: Washington | B94: 46044 | C94: Victor Ivanov | D94: Canvasser | E94: Campaign A | F94: Door | G94: Regular | H94: Maya Patel | I94: 0.39583333 | J94: 0.77083333 | K94: 30 | L94: 0.48958333 | M94: 0.72916667 | N94: 40 | O94: 1 | P94: 61 | Q94: =B94+MOD(6-WEEKDAY(B94,1),7) -> 46045 | R94: =IF(OR(I94="", J94=""),0,(J94-I94)*24-K94/60) -> 8.5 | S94: =IFERROR(__xludf.DUMMYFUNCTION("IFERROR( INDEX( FILTER( Reference!$F:$F, Reference!$A:$A = $E94, Reference!$E:$E = $D94, Reference!$C:$C = $Q94),1),""RATE_NOT_FOUND"")"),24.0) -> 24 | T94: =IF($S94="","", S94*R94) -> 204 | U94: =IF(OR(M94="",L94=""),0,(M94-L94)*24-N94/60) -> 5.0833333 | V94: =IF(OR(P94=0, G94="No Field Time"),0,P94/U94) -> 12 | W94: =TEXT(B94,"dddd") -> Thursday | X94: =IF(AND(OR(W94="Friday", W94="Saturday"), V94>=18), 50, 0) -> 0 | Y94: =IFERROR(__xludf.DUMMYFUNCTION("IFERROR( INDEX( FILTER(Reference!$D:$D, Reference!$A:$A=$E94, Reference!$C:$C=$Q94), 1),"""")"),46052.0) -> 46052 | Z94: =SUMIFS( $U:$U, $C:$C, $C94, $Q:$Q, $Q94 ) -> 5.0833333 | AA94: =IF(Z94=0,0, IF(Z94>=LOOKUP(Q94,MinHr_Weekly_Bonus!A:A,MinHr_Weekly_Bonus!B:B), LOOKUP(Q94,MinHr_Weekly_Bonus!A:A,MinHr_Weekly_Bonus!C:C), 0)) -> 0 | AB94: =T94+X94 -> 204 | AC94: =IF(AND(U94<1, V94>100, U94>0),"REVIEW: very high KPH","")
A95: Washington | B95: 46044 | C95: Aisha Johnson | D95: Team Lead | E95: Campaign A | F95: Door | G95: Regular | H95: Aisha Johnson | I95: 0.42708333 | J95: 0.8 | K95: 30 | L95: 0.48263889 | M95: 0.72916667 | N95: 80 | O95: 1 | P95: 111 | Q95: =B95+MOD(6-WEEKDAY(B95,1),7) -> 46045 | R95: =IF(OR(I95="", J95=""),0,(J95-I95)*24-K95/60) -> 8.45 | S95: =IFERROR(__xludf.DUMMYFUNCTION("IFERROR( INDEX( FILTER( Reference!$F:$F, Reference!$A:$A = $E95, Reference!$E:$E = $D95, Reference!$C:$C = $Q95),1),""RATE_NOT_FOUND"")"),26.0) -> 26 | T95: =IF($S95="","", S95*R95) -> 219.7 | U95: =IF(OR(M95="",L95=""),0,(M95-L95)*24-N95/60) -> 4.5833333 | V95: =IF(OR(P95=0, G95="No Field Time"),0,P95/U95) -> 24.218182 | W95: =TEXT(B95,"dddd") -> Thursday | X95: =IF(AND(OR(W95="Friday", W95="Saturday"), V95>=18), 50, 0) -> 0 | Y95: =IFERROR(__xludf.DUMMYFUNCTION("IFERROR( INDEX( FILTER(Reference!$D:$D, Reference!$A:$A=$E95, Reference!$C:$C=$Q95), 1),"""")"),46052.0) -> 46052 | Z95: =SUMIFS( $U:$U, $C:$C, $C95, $Q:$Q, $Q95 ) -> 23.833333 | AA95: =IF(Z95=0,0, IF(Z95>=LOOKUP(Q95,MinHr_Weekly_Bonus!A:A,MinHr_Weekly_Bonus!B:B), LOOKUP(Q95,MinHr_Weekly_Bonus!A:A,MinHr_Weekly_Bonus!C:C), 0)) -> 100 | AB95: =T95+X95 -> 219.7 | AC95: =IF(AND(U95<1, V95>100, U95>0),"REVIEW: very high KPH","")
A96: Washington | B96: 46044 | C96: Daniel Kim | D96: Canvasser | E96: Campaign A | F96: Door | G96: Regular | H96: Aisha Johnson | I96: 0.44791667 | J96: 0.77777778 | K96: 30 | L96: 0.48611111 | M96: 0.72916667 | N96: 80 | O96: 1 | P96: 110 | Q96: =B96+MOD(6-WEEKDAY(B96,1),7) -> 46045 | R96: =IF(OR(I96="", J96=""),0,(J96-I96)*24-K96/60) -> 7.4166667 | S96: =IFERROR(__xludf.DUMMYFUNCTION("IFERROR( INDEX( FILTER( Reference!$F:$F, Reference!$A:$A = $E96, Reference!$E:$E = $D96, Reference!$C:$C = $Q96),1),""RATE_NOT_FOUND"")"),24.0) -> 24 | T96: =IF($S96="","", S96*R96) -> 178 | U96: =IF(OR(M96="",L96=""),0,(M96-L96)*24-N96/60) -> 4.5 | V96: =IF(OR(P96=0, G96="No Field Time"),0,P96/U96) -> 24.444444 | W96: =TEXT(B96,"dddd") -> Thursday | X96: =IF(AND(OR(W96="Friday", W96="Saturday"), V96>=18), 50, 0) -> 0 | Y96: =IFERROR(__xludf.DUMMYFUNCTION("IFERROR( INDEX( FILTER(Reference!$D:$D, Reference!$A:$A=$E96, Reference!$C:$C=$Q96), 1),"""")"),46052.0) -> 46052 | Z96: =SUMIFS( $U:$U, $C:$C, $C96, $Q:$Q, $Q96 ) -> 19.166667 | AA96: =IF(Z96=0,0, IF(Z96>=LOOKUP(Q96,MinHr_Weekly_Bonus!A:A,MinHr_Weekly_Bonus!B:B), LOOKUP(Q96,MinHr_Weekly_Bonus!A:A,MinHr_Weekly_Bonus!C:C), 0)) -> 0 | AB96: =T96+X96 -> 178 | AC96: =IF(AND(U96<1, V96>100, U96>0),"REVIEW: very high KPH","")
A97: Washington | B97: 46044 | C97: Fatima Hassan | D97: Canvasser | E97: Campaign A | F97: Door | G97: Regular | H97: Aisha Johnson | I97: 0.44861111 | J97: 0.79791667 | K97: 30 | L97: 0.46875 | M97: 0.72916667 | N97: 50 | O97: 1 | P97: 119 | Q97: =B97+MOD(6-WEEKDAY(B97,1),7) -> 46045 | R97: =IF(OR(I97="", J97=""),0,(J97-I97)*24-K97/60) -> 7.8833333 | S97: =IFERROR(__xludf.DUMMYFUNCTION("IFERROR( INDEX( FILTER( Reference!$F:$F, Reference!$A:$A = $E97, Reference!$E:$E = $D97, Reference!$C:$C = $Q97),1),""RATE_NOT_FOUND"")"),24.0) -> 24 | T97: =IF($S97="","", S97*R97) -> 189.2 | U97: =IF(OR(M97="",L97=""),0,(M97-L97)*24-N97/60) -> 5.4166667 | V97: =IF(OR(P97=0, G97="No Field Time"),0,P97/U97) -> 21.969231 | W97: =TEXT(B97,"dddd") -> Thursday | X97: =IF(AND(OR(W97="Friday", W97="Saturday"), V97>=18), 50, 0) -> 0 | Y97: =IFERROR(__xludf.DUMMYFUNCTION("IFERROR( INDEX( FILTER(Reference!$D:$D, Reference!$A:$A=$E97, Reference!$C:$C=$Q97), 1),"""")"),46052.0) -> 46052 | Z97: =SUMIFS( $U:$U, $C:$C, $C97, $Q:$Q, $Q97 ) -> 24.916667 | AA97: =IF(Z97=0,0, IF(Z97>=LOOKUP(Q97,MinHr_Weekly_Bonus!A:A,MinHr_Weekly_Bonus!B:B), LOOKUP(Q97,MinHr_Weekly_Bonus!A:A,MinHr_Weekly_Bonus!C:C), 0)) -> 100 | AB97: =T97+X97 -> 189.2 | AC97: =IF(AND(U97<1, V97>100, U97>0),"REVIEW: very high KPH","")
A98: Washington | B98: 46044 | C98: Grace Nguyen | D98: Team Lead | E98: Campaign B | F98: Door | G98: Regular | H98: Grace Nguyen | I98: 0.42708333 | J98: 0.8 | K98: 30 | L98: 0.48125 | M98: 0.72916667 | N98: 80 | O98: 1 | P98: 50 | Q98: =B98+MOD(6-WEEKDAY(B98,1),7) -> 46045 | R98: =IF(OR(I98="", J98=""),0,(J98-I98)*24-K98/60) -> 8.45 | S98: =IFERROR(__xludf.DUMMYFUNCTION("IFERROR( INDEX( FILTER( Reference!$F:$F, Reference!$A:$A = $E98, Reference!$E:$E = $D98, Reference!$C:$C = $Q98),1),""RATE_NOT_FOUND"")"),26.0) -> 26 | T98: =IF($S98="","", S98*R98) -> 219.7 | U98: =IF(OR(M98="",L98=""),0,(M98-L98)*24-N98/60) -> 4.6166667 | V98: =IF(OR(P98=0, G98="No Field Time"),0,P98/U98) -> 10.830325 | W98: =TEXT(B98,"dddd") -> Thursday | X98: =IF(AND(OR(W98="Friday", W98="Saturday"), V98>=18), 50, 0) -> 0 | Y98: =IFERROR(__xludf.DUMMYFUNCTION("IFERROR( INDEX( FILTER(Reference!$D:$D, Reference!$A:$A=$E98, Reference!$C:$C=$Q98), 1),"""")"),46052.0) -> 46052 | Z98: =SUMIFS( $U:$U, $C:$C, $C98, $Q:$Q, $Q98 ) -> 19.366667 | AA98: =IF(Z98=0,0, IF(Z98>=LOOKUP(Q98,MinHr_Weekly_Bonus!A:A,MinHr_Weekly_Bonus!B:B), LOOKUP(Q98,MinHr_Weekly_Bonus!A:A,MinHr_Weekly_Bonus!C:C), 0)) -> 0 | AB98: =T98+X98 -> 219.7 | AC98: =IF(AND(U98<1, V98>100, U98>0),"REVIEW: very high KPH","")
A99: Washington | B99: 46044 | C99: Isabella Flores | D99: Canvasser | E99: Campaign B | F99: Door | G99: Regular | H99: Grace Nguyen | I99: 0.44444444 | J99: 0.77777778 | K99: 30 | L99: 0.48125 | M99: 0.72916667 | N99: 95 | O99: 1 | P99: 98 | Q99: =B99+MOD(6-WEEKDAY(B99,1),7) -> 46045 | R99: =IF(OR(I99="", J99=""),0,(J99-I99)*24-K99/60) -> 7.5 | S99: =IFERROR(__xludf.DUMMYFUNCTION("IFERROR( INDEX( FILTER( Reference!$F:$F, Reference!$A:$A = $E99, Reference!$E:$E = $D99, Reference!$C:$C = $Q99),1),""RATE_NOT_FOUND"")"),24.0) -> 24 | T99: =IF($S99="","", S99*R99) -> 180 | U99: =IF(OR(M99="",L99=""),0,(M99-L99)*24-N99/60) -> 4.3666667 | V99: =IF(OR(P99=0, G99="No Field Time"),0,P99/U99) -> 22.442748 | W99: =TEXT(B99,"dddd") -> Thursday | X99: =IF(AND(OR(W99="Friday", W99="Saturday"), V99>=18), 50, 0) -> 0 | Y99: =IFERROR(__xludf.DUMMYFUNCTION("IFERROR( INDEX( FILTER(Reference!$D:$D, Reference!$A:$A=$E99, Reference!$C:$C=$Q99), 1),"""")"),46052.0) -> 46052 | Z99: =SUMIFS( $U:$U, $C:$C, $C99, $Q:$Q, $Q99 ) -> 24.716667 | AA99: =IF(Z99=0,0, IF(Z99>=LOOKUP(Q99,MinHr_Weekly_Bonus!A:A,MinHr_Weekly_Bonus!B:B), LOOKUP(Q99,MinHr_Weekly_Bonus!A:A,MinHr_Weekly_Bonus!C:C), 0)) -> 100 | AB99: =T99+X99 -> 180 | AC99: =IF(AND(U99<1, V99>100, U99>0),"REVIEW: very high KPH","")
A100: Washington | B100: 46044 | C100: Priya Nair | D100: Canvasser | E100: Campaign B | F100: Door | G100: Regular | H100: Grace Nguyen | I100: 0.44444444 | J100: 0.78541667 | K100: 30 | L100: 0.48125 | M100: 0.72916667 | N100: 95 | O100: 1 | P100: 65 | Q100: =B100+MOD(6-WEEKDAY(B100,1),7) -> 46045 | R100: =IF(OR(I100="", J100=""),0,(J100-I100)*24-K100/60) -> 7.6833333 | S100: =IFERROR(__xludf.DUMMYFUNCTION("IFERROR( INDEX( FILTER( Reference!$F:$F, Reference!$A:$A = $E100, Reference!$E:$E = $D100, Reference!$C:$C = $Q100),1),""RATE_NOT_FOUND"")"),24.0) -> 24 | T100: =IF($S100="","", S100*R100) -> 184.4 | U100: =IF(OR(M100="",L100=""),0,(M100-L100)*24-N100/60) -> 4.3666667 | V100: =IF(OR(P100=0, G100="No Field Time"),0,P100/U100) -> 14.885496 | W100: =TEXT(B100,"dddd") -> Thursday | X100: =IF(AND(OR(W100="Friday", W100="Saturday"), V100>=18), 50, 0) -> 0 | Y100: =IFERROR(__xludf.DUMMYFUNCTION("IFERROR( INDEX( FILTER(Reference!$D:$D, Reference!$A:$A=$E100, Reference!$C:$C=$Q100), 1),"""")"),46052.0) -> 46052 | Z100: =SUMIFS( $U:$U, $C:$C, $C100, $Q:$Q, $Q100 ) -> 24.116667 | AA100: =IF(Z100=0,0, IF(Z100>=LOOKUP(Q100,MinHr_Weekly_Bonus!A:A,MinHr_Weekly_Bonus!B:B), LOOKUP(Q100,MinHr_Weekly_Bonus!A:A,MinHr_Weekly_Bonus!C:C), 0)) -> 100 | AB100: =T100+X100 -> 184.4 | AC100: =IF(AND(U100<1, V100>100, U100>0),"REVIEW: very high KPH","")
...

Sheet MinHr_Weekly_Bonus
A1: Week Ending | B1: Minimum Canvassing Hours | C1: Bonus Amount
A2: 46038 | B2: 22 | C2: 100
A3: 46052 | B3: 25 | C3: 150
A18: Note: Defines weekly bonus rules based on week end date.

Sheet Weekly_Bonus_By_Person
A1: Canvasser | B1: Week End Date Per Shift | C1: Pay Period | D1: Weekly Bonus
A2: =IFERROR(__xludf.DUMMYFUNCTION("UNIQUE( FILTER( { Data!$C$2:$C1000, Data!$Q$2:$Q1000, Data!$Y$2:$Y1000 }, LEN(Data!$C$2:$C1000) ) )"),"Maya Patel") -> Maya Patel | B2: =IFERROR(__xludf.DUMMYFUNCTION("""COMPUTED_VALUE"""),46038.0) -> 46038 | C2: =IFERROR(__xludf.DUMMYFUNCTION("""COMPUTED_VALUE"""),46038.0) -> 46038 | D2: =IFERROR(__xludf.DUMMYFUNCTION("IF( A2="""", """", IFERROR( INDEX( FILTER( Data!$AA:$AA, Data!$C:$C=$A2, Data!$Q:$Q=$B2 ), 1 ), 0 ) )"),0.0) -> 0
A3: =IFERROR(__xludf.DUMMYFUNCTION("""COMPUTED_VALUE"""),"Jordan Williams") -> Jordan Williams | B3: =IFERROR(__xludf.DUMMYFUNCTION("""COMPUTED_VALUE"""),46038.0) -> 46038 | C3: =IFERROR(__xludf.DUMMYFUNCTION("""COMPUTED_VALUE"""),46038.0) -> 46038 | D3: =IFERROR(__xludf.DUMMYFUNCTION("IF( A3="""", """", IFERROR( INDEX( FILTER( Data!$AA:$AA, Data!$C:$C=$A3, Data!$Q:$Q=$B3 ), 1 ), 0 ) )"),0.0) -> 0
A4: =IFERROR(__xludf.DUMMYFUNCTION("""COMPUTED_VALUE"""),"Carlos Ramirez") -> Carlos Ramirez | B4: =IFERROR(__xludf.DUMMYFUNCTION("""COMPUTED_VALUE"""),46038.0) -> 46038 | C4: =IFERROR(__xludf.DUMMYFUNCTION("""COMPUTED_VALUE"""),46038.0) -> 46038 | D4: =IFERROR(__xludf.DUMMYFUNCTION("IF( A4="""", """", IFERROR( INDEX( FILTER( Data!$AA:$AA, Data!$C:$C=$A4, Data!$Q:$Q=$B4 ), 1 ), 0 ) )"),0.0) -> 0
A5: =IFERROR(__xludf.DUMMYFUNCTION("""COMPUTED_VALUE"""),"Emily Chen") -> Emily Chen | B5: =IFERROR(__xludf.DUMMYFUNCTION("""COMPUTED_VALUE"""),46038.0) -> 46038 | C5: =IFERROR(__xludf.DUMMYFUNCTION("""COMPUTED_VALUE"""),46038.0) -> 46038 | D5: =IFERROR(__xludf.DUMMYFUNCTION("IF( A5="""", """", IFERROR( INDEX( FILTER( Data!$AA:$AA, Data!$C:$C=$A5, Data!$Q:$Q=$B5 ), 1 ), 0 ) )"),0.0) -> 0
A6: =IFERROR(__xludf.DUMMYFUNCTION("""COMPUTED_VALUE"""),"Aisha Johnson") -> Aisha Johnson | B6: =IFERROR(__xludf.DUMMYFUNCTION("""COMPUTED_VALUE"""),46038.0) -> 46038 | C6: =IFERROR(__xludf.DUMMYFUNCTION("""COMPUTED_VALUE"""),46038.0) -> 46038 | D6: =IFERROR(__xludf.DUMMYFUNCTION("IF( A6="""", """", IFERROR( INDEX( FILTER( Data!$AA:$AA, Data!$C:$C=$A6, Data!$Q:$Q=$B6 ), 1 ), 0 ) )"),0.0) -> 0
A7: =IFERROR(__xludf.DUMMYFUNCTION("""COMPUTED_VALUE"""),"Daniel Kim") -> Daniel Kim | B7: =IFERROR(__xludf.DUMMYFUNCTION("""COMPUTED_VALUE"""),46038.0) -> 46038 | C7: =IFERROR(__xludf.DUMMYFUNCTION("""COMPUTED_VALUE"""),46038.0) -> 46038 | D7: =IFERROR(__xludf.DUMMYFUNCTION("IF( A7="""", """", IFERROR( INDEX( FILTER( Data!$AA:$AA, Data!$C:$C=$A7, Data!$Q:$Q=$B7 ), 1 ), 0 ) )"),0.0) -> 0
A8: =IFERROR(__xludf.DUMMYFUNCTION("""COMPUTED_VALUE"""),"Sofia Martinez") -> Sofia Martinez | B8: =IFERROR(__xludf.DUMMYFUNCTION("""COMPUTED_VALUE"""),46038.0) -> 46038 | C8: =IFERROR(__xludf.DUMMYFUNCTION("""COMPUTED_VALUE"""),46038.0) -> 46038 | D8: =IFERROR(__xludf.DUMMYFUNCTION("IF( A8="""", """", IFERROR( INDEX( FILTER( Data!$AA:$AA, Data!$C:$C=$A8, Data!$Q:$Q=$B8 ), 1 ), 0 ) )"),0.0) -> 0
A9: =IFERROR(__xludf.DUMMYFUNCTION("""COMPUTED_VALUE"""),"Marcus Thompson") -> Marcus Thompson | B9: =IFERROR(__xludf.DUMMYFUNCTION("""COMPUTED_VALUE"""),46038.0) -> 46038 | C9: =IFERROR(__xludf.DUMMYFUNCTION("""COMPUTED_VALUE"""),46038.0) -> 46038 | D9: =IFERROR(__xludf.DUMMYFUNCTION("IF( A9="""", """", IFERROR( INDEX( FILTER( Data!$AA:$AA, Data!$C:$C=$A9, Data!$Q:$Q=$B9 ), 1 ), 0 ) )"),0.0) -> 0
A10: =IFERROR(__xludf.DUMMYFUNCTION("""COMPUTED_VALUE"""),"Priya Nair") -> Priya Nair | B10: =IFERROR(__xludf.DUMMYFUNCTION("""COMPUTED_VALUE"""),46038.0) -> 46038 | C10: =IFERROR(__xludf.DUMMYFUNCTION("""COMPUTED_VALUE"""),46038.0) -> 46038 | D10: =IFERROR(__xludf.DUMMYFUNCTION("IF( A10="""", """", IFERROR( INDEX( FILTER( Data!$AA:$AA, Data!$C:$C=$A10, Data!$Q:$Q=$B10 ), 1 ), 0 ) )"),0.0) -> 0
A11: =IFERROR(__xludf.DUMMYFUNCTION("""COMPUTED_VALUE"""),"Ethan Brooks") -> Ethan Brooks | B11: =IFERROR(__xludf.DUMMYFUNCTION("""COMPUTED_VALUE"""),46038.0) -> 46038 | C11: =IFERROR(__xludf.DUMMYFUNCTION("""COMPUTED_VALUE"""),46038.0) -> 46038 | D11: =IFERROR(__xludf.DUMMYFUNCTION("IF( A11="""", """", IFERROR( INDEX( FILTER( Data!$AA:$AA, Data!$C:$C=$A11, Data!$Q:$Q=$B11 ), 1 ), 0 ) )"),0.0) -> 0
A12: =IFERROR(__xludf.DUMMYFUNCTION("""COMPUTED_VALUE"""),"Fatima Hassan") -> Fatima Hassan | B12: =IFERROR(__xludf.DUMMYFUNCTION("""COMPUTED_VALUE"""),46038.0) -> 46038 | C12: =IFERROR(__xludf.DUMMYFUNCTION("""COMPUTED_VALUE"""),46038.0) -> 46038 | D12: =IFERROR(__xludf.DUMMYFUNCTION("IF( A12="""", """", IFERROR( INDEX( FILTER( Data!$AA:$AA, Data!$C:$C=$A12, Data!$Q:$Q=$B12 ), 1 ), 0 ) )"),0.0) -> 0
A13: =IFERROR(__xludf.DUMMYFUNCTION("""COMPUTED_VALUE"""),"Noah Levine") -> Noah Levine | B13: =IFERROR(__xludf.DUMMYFUNCTION("""COMPUTED_VALUE"""),46038.0) -> 46038 | C13: =IFERROR(__xludf.DUMMYFUNCTION("""COMPUTED_VALUE"""),46038.0) -> 46038 | D13: =IFERROR(__xludf.DUMMYFUNCTION("IF( A13="""", """", IFERROR( INDEX( FILTER( Data!$AA:$AA, Data!$C:$C=$A13, Data!$Q:$Q=$B13 ), 1 ), 0 ) )"),0.0) -> 0
A14: =IFERROR(__xludf.DUMMYFUNCTION("""COMPUTED_VALUE"""),"Grace Nguyen") -> Grace Nguyen | B14: =IFERROR(__xludf.DUMMYFUNCTION("""COMPUTED_VALUE"""),46038.0) -> 46038 | C14: =IFERROR(__xludf.DUMMYFUNCTION("""COMPUTED_VALUE"""),46038.0) -> 46038 | D14: =IFERROR(__xludf.DUMMYFUNCTION("IF( A14="""", """", IFERROR( INDEX( FILTER( Data!$AA:$AA, Data!$C:$C=$A14, Data!$Q:$Q=$B14 ), 1 ), 0 ) )"),0.0) -> 0
A15: =IFERROR(__xludf.DUMMYFUNCTION("""COMPUTED_VALUE"""),"Alejandro Cruz") -> Alejandro Cruz | B15: =IFERROR(__xludf.DUMMYFUNCTION("""COMPUTED_VALUE"""),46038.0) -> 46038 | C15: =IFERROR(__xludf.DUMMYFUNCTION("""COMPUTED_VALUE"""),46038.0) -> 46038 | D15: =IFERROR(__xludf.DUMMYFUNCTION("IF( A15="""", """", IFERROR( INDEX( FILTER( Data!$AA:$AA, Data!$C:$C=$A15, Data!$Q:$Q=$B15 ), 1 ), 0 ) )"),0.0) -> 0
A16: =IFERROR(__xludf.DUMMYFUNCTION("""COMPUTED_VALUE"""),"Aisha Johnson") -> Aisha Johnson | B16: =IFERROR(__xludf.DUMMYFUNCTION("""COMPUTED_VALUE"""),46045.0) -> 46045 | C16: =IFERROR(__xludf.DUMMYFUNCTION("""COMPUTED_VALUE"""),46052.0) -> 46052 | D16: =IFERROR(__xludf.DUMMYFUNCTION("IF( A16="""", """", IFERROR( INDEX( FILTER( Data!$AA:$AA, Data!$C:$C=$A16, Data!$Q:$Q=$B16 ), 1 ), 0 ) )"),100.0) -> 100
A17: =IFERROR(__xludf.DUMMYFUNCTION("""COMPUTED_VALUE"""),"Hannah O’Connor") -> Hannah O’Connor | B17: =IFERROR(__xludf.DUMMYFUNCTION("""COMPUTED_VALUE"""),46045.0) -> 46045 | C17: =IFERROR(__xludf.DUMMYFUNCTION("""COMPUTED_VALUE"""),46052.0) -> 46052 | D17: =IFERROR(__xludf.DUMMYFUNCTION("IF( A17="""", """", IFERROR( INDEX( FILTER( Data!$AA:$AA, Data!$C:$C=$A17, Data!$Q:$Q=$B17 ), 1 ), 0 ) )"),0.0) -> 0
A18: =IFERROR(__xludf.DUMMYFUNCTION("""COMPUTED_VALUE"""),"Jamal Washington") -> Jamal Washington | B18: =IFERROR(__xludf.DUMMYFUNCTION("""COMPUTED_VALUE"""),46045.0) -> 46045 | C18: =IFERROR(__xludf.DUMMYFUNCTION("""COMPUTED_VALUE"""),46052.0) -> 46052 | D18: =IFERROR(__xludf.DUMMYFUNCTION("IF( A18="""", """", IFERROR( INDEX( FILTER( Data!$AA:$AA, Data!$C:$C=$A18, Data!$Q:$Q=$B18 ), 1 ), 0 ) )"),0.0) -> 0
A19: =IFERROR(__xludf.DUMMYFUNCTION("""COMPUTED_VALUE"""),"Linh Tran") -> Linh Tran | B19: =IFERROR(__xludf.DUMMYFUNCTION("""COMPUTED_VALUE"""),46045.0) -> 46045 | C19: =IFERROR(__xludf.DUMMYFUNCTION("""COMPUTED_VALUE"""),46052.0) -> 46052 | D19: =IFERROR(__xludf.DUMMYFUNCTION("IF( A19="""", """", IFERROR( INDEX( FILTER( Data!$AA:$AA, Data!$C:$C=$A19, Data!$Q:$Q=$B19 ), 1 ), 0 ) )"),0.0) -> 0
A20: =IFERROR(__xludf.DUMMYFUNCTION("""COMPUTED_VALUE"""),"Olivia Bennett") -> Olivia Bennett | B20: =IFERROR(__xludf.DUMMYFUNCTION("""COMPUTED_VALUE"""),46045.0) -> 46045 | C20: =IFERROR(__xludf.DUMMYFUNCTION("""COMPUTED_VALUE"""),46052.0) -> 46052 | D20: =IFERROR(__xludf.DUMMYFUNCTION("IF( A20="""", """", IFERROR( INDEX( FILTER( Data!$AA:$AA, Data!$C:$C=$A20, Data!$Q:$Q=$B20 ), 1 ), 0 ) )"),0.0) -> 0
A21: =IFERROR(__xludf.DUMMYFUNCTION("""COMPUTED_VALUE"""),"Rohan Mehta") -> Rohan Mehta | B21: =IFERROR(__xludf.DUMMYFUNCTION("""COMPUTED_VALUE"""),46045.0) -> 46045 | C21: =IFERROR(__xludf.DUMMYFUNCTION("""COMPUTED_VALUE"""),46052.0) -> 46052 | D21: =IFERROR(__xludf.DUMMYFUNCTION("IF( A21="""", """", IFERROR( INDEX( FILTER( Data!$AA:$AA, Data!$C:$C=$A21, Data!$Q:$Q=$B21 ), 1 ), 0 ) )"),0.0) -> 0
A22: =IFERROR(__xludf.DUMMYFUNCTION("""COMPUTED_VALUE"""),"Isabella Flores") -> Isabella Flores | B22: =IFERROR(__xludf.DUMMYFUNCTION("""COMPUTED_VALUE"""),46045.0) -> 46045 | C22: =IFERROR(__xludf.DUMMYFUNCTION("""COMPUTED_VALUE"""),46052.0) -> 46052 | D22: =IFERROR(__xludf.DUMMYFUNCTION("IF( A22="""", """", IFERROR( INDEX( FILTER( Data!$AA:$AA, Data!$C:$C=$A22, Data!$Q:$Q=$B22 ), 1 ), 0 ) )"),100.0) -> 100
A23: =IFERROR(__xludf.DUMMYFUNCTION("""COMPUTED_VALUE"""),"Maya Patel") -> Maya Patel | B23: =IFERROR(__xludf.DUMMYFUNCTION("""COMPUTED_VALUE"""),46045.0) -> 46045 | C23: =IFERROR(__xludf.DUMMYFUNCTION("""COMPUTED_VALUE"""),46052.0) -> 46052 | D23: =IFERROR(__xludf.DUMMYFUNCTION("IF( A23="""", """", IFERROR( INDEX( FILTER( Data!$AA:$AA, Data!$C:$C=$A23, Data!$Q:$Q=$B23 ), 1 ), 0 ) )"),100.0) -> 100
A24: =IFERROR(__xludf.DUMMYFUNCTION("""COMPUTED_VALUE"""),"Alejandro Cruz") -> Alejandro Cruz | B24: =IFERROR(__xludf.DUMMYFUNCTION("""COMPUTED_VALUE"""),46045.0) -> 46045 | C24: =IFERROR(__xludf.DUMMYFUNCTION("""COMPUTED_VALUE"""),46052.0) -> 46052 | D24: =IFERROR(__xludf.DUMMYFUNCTION("IF( A24="""", """", IFERROR( INDEX( FILTER( Data!$AA:$AA, Data!$C:$C=$A24, Data!$Q:$Q=$B24 ), 1 ), 0 ) )"),100.0) -> 100
A25: =IFERROR(__xludf.DUMMYFUNCTION("""COMPUTED_VALUE"""),"Samuel Wright") -> Samuel Wright | B25: =IFERROR(__xludf.DUMMYFUNCTION("""COMPUTED_VALUE"""),46045.0) -> 46045 | C25: =IFERROR(__xludf.DUMMYFUNCTION("""COMPUTED_VALUE"""),46052.0) -> 46052 | D25: =IFERROR(__xludf.DUMMYFUNCTION("IF( A25="""", """", IFERROR( INDEX( FILTER( Data!$AA:$AA, Data!$C:$C=$A25, Data!$Q:$Q=$B25 ), 1 ), 0 ) )"),0.0) -> 0
A26: =IFERROR(__xludf.DUMMYFUNCTION("""COMPUTED_VALUE"""),"Caleb Robinson") -> Caleb Robinson | B26: =IFERROR(__xludf.DUMMYFUNCTION("""COMPUTED_VALUE"""),46045.0) -> 46045 | C26: =IFERROR(__xludf.DUMMYFUNCTION("""COMPUTED_VALUE"""),46052.0) -> 46052 | D26: =IFERROR(__xludf.DUMMYFUNCTION("IF( A26="""", """", IFERROR( INDEX( FILTER( Data!$AA:$AA, Data!$C:$C=$A26, Data!$Q:$Q=$B26 ), 1 ), 0 ) )"),0.0) -> 0
A27: =IFERROR(__xludf.DUMMYFUNCTION("""COMPUTED_VALUE"""),"Grace Nguyen") -> Grace Nguyen | B27: =IFERROR(__xludf.DUMMYFUNCTION("""COMPUTED_VALUE"""),46045.0) -> 46045 | C27: =IFERROR(__xludf.DUMMYFUNCTION("""COMPUTED_VALUE"""),46052.0) -> 46052 | D27: =IFERROR(__xludf.DUMMYFUNCTION("IF( A27="""", """", IFERROR( INDEX( FILTER( Data!$AA:$AA, Data!$C:$C=$A27, Data!$Q:$Q=$B27 ), 1 ), 0 ) )"),0.0) -> 0
A28: =IFERROR(__xludf.DUMMYFUNCTION("""COMPUTED_VALUE"""),"Sofia Martinez") -> Sofia Martinez | B28: =IFERROR(__xludf.DUMMYFUNCTION("""COMPUTED_VALUE"""),46045.0) -> 46045 | C28: =IFERROR(__xludf.DUMMYFUNCTION("""COMPUTED_VALUE"""),46052.0) -> 46052 | D28: =IFERROR(__xludf.DUMMYFUNCTION("IF( A28="""", """", IFERROR( INDEX( FILTER( Data!$AA:$AA, Data!$C:$C=$A28, Data!$Q:$Q=$B28 ), 1 ), 0 ) )"),0.0) -> 0
A29: =IFERROR(__xludf.DUMMYFUNCTION("""COMPUTED_VALUE"""),"Zainab Ali") -> Zainab Ali | B29: =IFERROR(__xludf.DUMMYFUNCTION("""COMPUTED_VALUE"""),46045.0) -> 46045 | C29: =IFERROR(__xludf.DUMMYFUNCTION("""COMPUTED_VALUE"""),46052.0) -> 46052 | D29: =IFERROR(__xludf.DUMMYFUNCTION("IF( A29="""", """", IFERROR( INDEX( FILTER( Data!$AA:$AA, Data!$C:$C=$A29, Data!$Q:$Q=$B29 ), 1 ), 0 ) )"),0.0) -> 0
A30: =IFERROR(__xludf.DUMMYFUNCTION("""COMPUTED_VALUE"""),"Ethan Brooks") -> Ethan Brooks | B30: =IFERROR(__xludf.DUMMYFUNCTION("""COMPUTED_VALUE"""),46045.0) -> 46045 | C30: =IFERROR(__xludf.DUMMYFUNCTION("""COMPUTED_VALUE"""),46052.0) -> 46052 | D30: =IFERROR(__xludf.DUMMYFUNCTION("IF( A30="""", """", IFERROR( INDEX( FILTER( Data!$AA:$AA, Data!$C:$C=$A30, Data!$Q:$Q=$B30 ), 1 ), 0 ) )"),0.0) -> 0
A31: =IFERROR(__xludf.DUMMYFUNCTION("""COMPUTED_VALUE"""),"Fatima Hassan") -> Fatima Hassan | B31: =IFERROR(__xludf.DUMMYFUNCTION("""COMPUTED_VALUE"""),46045.0) -> 46045 | C31: =IFERROR(__xludf.DUMMYFUNCTION("""COMPUTED_VALUE"""),46052.0) -> 46052 | D31: =IFERROR(__xludf.DUMMYFUNCTION("IF( A31="""", """", IFERROR( INDEX( FILTER( Data!$AA:$AA, Data!$C:$C=$A31, Data!$Q:$Q=$B31 ), 1 ), 0 ) )"),100.0) -> 100
A32: =IFERROR(__xludf.DUMMYFUNCTION("""COMPUTED_VALUE"""),"Marcus Thompson") -> Marcus Thompson | B32: =IFERROR(__xludf.DUMMYFUNCTION("""COMPUTED_VALUE"""),46045.0) -> 46045 | C32: =IFERROR(__xludf.DUMMYFUNCTION("""COMPUTED_VALUE"""),46052.0) -> 46052 | D32: =IFERROR(__xludf.DUMMYFUNCTION("IF( A32="""", """", IFERROR( INDEX( FILTER( Data!$AA:$AA, Data!$C:$C=$A32, Data!$Q:$Q=$B32 ), 1 ), 0 ) )"),0.0) -> 0
A33: =IFERROR(__xludf.DUMMYFUNCTION("""COMPUTED_VALUE"""),"Priya Nair") -> Priya Nair | B33: =IFERROR(__xludf.DUMMYFUNCTION("""COMPUTED_VALUE"""),46045.0) -> 46045 | C33: =IFERROR(__xludf.DUMMYFUNCTION("""COMPUTED_VALUE"""),46052.0) -> 46052 | D33: =IFERROR(__xludf.DUMMYFUNCTION("IF( A33="""", """", IFERROR( INDEX( FILTER( Data!$AA:$AA, Data!$C:$C=$A33, Data!$Q:$Q=$B33 ), 1 ), 0 ) )"),100.0) -> 100
A34: =IFERROR(__xludf.DUMMYFUNCTION("""COMPUTED_VALUE"""),"Chloe Park") -> Chloe Park | B34: =IFERROR(__xludf.DUMMYFUNCTION("""COMPUTED_VALUE"""),46045.0) -> 46045 | C34: =IFERROR(__xludf.DUMMYFUNCTION("""COMPUTED_VALUE"""),46052.0) -> 46052 | D34: =IFERROR(__xludf.DUMMYFUNCTION("IF( A34="""", """", IFERROR( INDEX( FILTER( Data!$AA:$AA, Data!$C:$C=$A34, Data!$Q:$Q=$B34 ), 1 ), 0 ) )"),0.0) -> 0
A35: =IFERROR(__xludf.DUMMYFUNCTION("""COMPUTED_VALUE"""),"Emily Chen") -> Emily Chen | B35: =IFERROR(__xludf.DUMMYFUNCTION("""COMPUTED_VALUE"""),46045.0) -> 46045 | C35: =IFERROR(__xludf.DUMMYFUNCTION("""COMPUTED_VALUE"""),46052.0) -> 46052 | D35: =IFERROR(__xludf.DUMMYFUNCTION("IF( A35="""", """", IFERROR( INDEX( FILTER( Data!$AA:$AA, Data!$C:$C=$A35, Data!$Q:$Q=$B35 ), 1 ), 0 ) )"),0.0) -> 0
A36: =IFERROR(__xludf.DUMMYFUNCTION("""COMPUTED_VALUE"""),"Ahmed El-Sayed") -> Ahmed El-Sayed | B36: =IFERROR(__xludf.DUMMYFUNCTION("""COMPUTED_VALUE"""),46045.0) -> 46045 | C36: =IFERROR(__xludf.DUMMYFUNCTION("""COMPUTED_VALUE"""),46052.0) -> 46052 | D36: =IFERROR(__xludf.DUMMYFUNCTION("IF( A36="""", """", IFERROR( INDEX( FILTER( Data!$AA:$AA, Data!$C:$C=$A36, Data!$Q:$Q=$B36 ), 1 ), 0 ) )"),0.0) -> 0
A37: =IFERROR(__xludf.DUMMYFUNCTION("""COMPUTED_VALUE"""),"Natalie Rivera") -> Natalie Rivera | B37: =IFERROR(__xludf.DUMMYFUNCTION("""COMPUTED_VALUE"""),46045.0) -> 46045 | C37: =IFERROR(__xludf.DUMMYFUNCTION("""COMPUTED_VALUE"""),46052.0) -> 46052 | D37: =IFERROR(__xludf.DUMMYFUNCTION("IF( A37="""", """", IFERROR( INDEX( FILTER( Data!$AA:$AA, Data!$C:$C=$A37, Data!$Q:$Q=$B37 ), 1 ), 0 ) )"),0.0) -> 0
A38: =IFERROR(__xludf.DUMMYFUNCTION("""COMPUTED_VALUE"""),"Benjamin Stein") -> Benjamin Stein | B38: =IFERROR(__xludf.DUMMYFUNCTION("""COMPUTED_VALUE"""),46045.0) -> 46045 | C38: =IFERROR(__xludf.DUMMYFUNCTION("""COMPUTED_VALUE"""),46052.0) -> 46052 | D38: =IFERROR(__xludf.DUMMYFUNCTION("IF( A38="""", """", IFERROR( INDEX( FILTER( Data!$AA:$AA, Data!$C:$C=$A38, Data!$Q:$Q=$B38 ), 1 ), 0 ) )"),0.0) -> 0
A39: =IFERROR(__xludf.DUMMYFUNCTION("""COMPUTED_VALUE"""),"Leila Abdallah") -> Leila Abdallah | B39: =IFERROR(__xludf.DUMMYFUNCTION("""COMPUTED_VALUE"""),46045.0) -> 46045 | C39: =IFERROR(__xludf.DUMMYFUNCTION("""COMPUTED_VALUE"""),46052.0) -> 46052 | D39: =IFERROR(__xludf.DUMMYFUNCTION("IF( A39="""", """", IFERROR( INDEX( FILTER( Data!$AA:$AA, Data!$C:$C=$A39, Data!$Q:$Q=$B39 ), 1 ), 0 ) )"),0.0) -> 0
A40: =IFERROR(__xludf.DUMMYFUNCTION("""COMPUTED_VALUE"""),"Jordan Williams") -> Jordan Williams | B40: =IFERROR(__xludf.DUMMYFUNCTION("""COMPUTED_VALUE"""),46045.0) -> 46045 | C40: =IFERROR(__xludf.DUMMYFUNCTION("""COMPUTED_VALUE"""),46052.0) -> 46052 | D40: =IFERROR(__xludf.DUMMYFUNCTION("IF( A40="""", """", IFERROR( INDEX( FILTER( Data!$AA:$AA, Data!$C:$C=$A40, Data!$Q:$Q=$B40 ), 1 ), 0 ) )"),0.0) -> 0
A41: =IFERROR(__xludf.DUMMYFUNCTION("""COMPUTED_VALUE"""),"Daniel Kim") -> Daniel Kim | B41: =IFERROR(__xludf.DUMMYFUNCTION("""COMPUTED_VALUE"""),46045.0) -> 46045 | C41: =IFERROR(__xludf.DUMMYFUNCTION("""COMPUTED_VALUE"""),46052.0) -> 46052 | D41: =IFERROR(__xludf.DUMMYFUNCTION("IF( A41="""", """", IFERROR( INDEX( FILTER( Data!$AA:$AA, Data!$C:$C=$A41, Data!$Q:$Q=$B41 ), 1 ), 0 ) )"),0.0) -> 0
A42: =IFERROR(__xludf.DUMMYFUNCTION("""COMPUTED_VALUE"""),"David Okafor") -> David Okafor | B42: =IFERROR(__xludf.DUMMYFUNCTION("""COMPUTED_VALUE"""),46045.0) -> 46045 | C42: =IFERROR(__xludf.DUMMYFUNCTION("""COMPUTED_VALUE"""),46052.0) -> 46052 | D42: =IFERROR(__xludf.DUMMYFUNCTION("IF( A42="""", """", IFERROR( INDEX( FILTER( Data!$AA:$AA, Data!$C:$C=$A42, Data!$Q:$Q=$B42 ), 1 ), 0 ) )"),0.0) -> 0
A43: =IFERROR(__xludf.DUMMYFUNCTION("""COMPUTED_VALUE"""),"Noah Levine") -> Noah Levine | B43: =IFERROR(__xludf.DUMMYFUNCTION("""COMPUTED_VALUE"""),46045.0) -> 46045 | C43: =IFERROR(__xludf.DUMMYFUNCTION("""COMPUTED_VALUE"""),46052.0) -> 46052 | D43: =IFERROR(__xludf.DUMMYFUNCTION("IF( A43="""", """", IFERROR( INDEX( FILTER( Data!$AA:$AA, Data!$C:$C=$A43, Data!$Q:$Q=$B43 ), 1 ), 0 ) )"),0.0) -> 0
A44: =IFERROR(__xludf.DUMMYFUNCTION("""COMPUTED_VALUE"""),"Julia Kowalski") -> Julia Kowalski | B44: =IFERROR(__xludf.DUMMYFUNCTION("""COMPUTED_VALUE"""),46045.0) -> 46045 | C44: =IFERROR(__xludf.DUMMYFUNCTION("""COMPUTED_VALUE"""),46052.0) -> 46052 | D44: =IFERROR(__xludf.DUMMYFUNCTION("IF( A44="""", """", IFERROR( INDEX( FILTER( Data!$AA:$AA, Data!$C:$C=$A44, Data!$Q:$Q=$B44 ), 1 ), 0 ) )"),0.0) -> 0
A45: =IFERROR(__xludf.DUMMYFUNCTION("""COMPUTED_VALUE"""),"Victor Ivanov") -> Victor Ivanov | B45: =IFERROR(__xludf.DUMMYFUNCTION("""COMPUTED_VALUE"""),46045.0) -> 46045 | C45: =IFERROR(__xludf.DUMMYFUNCTION("""COMPUTED_VALUE"""),46052.0) -> 46052 | D45: =IFERROR(__xludf.DUMMYFUNCTION("IF( A45="""", """", IFERROR( INDEX( FILTER( Data!$AA:$AA, Data!$C:$C=$A45, Data!$Q:$Q=$B45 ), 1 ), 0 ) )"),0.0) -> 0
A46: =IFERROR(__xludf.DUMMYFUNCTION("""COMPUTED_VALUE"""),"Zainab Ali") -> Zainab Ali | B46: =IFERROR(__xludf.DUMMYFUNCTION("""COMPUTED_VALUE"""),46052.0) -> 46052 | C46: =IFERROR(__xludf.DUMMYFUNCTION("""COMPUTED_VALUE"""),46052.0) -> 46052 | D46: =IFERROR(__xludf.DUMMYFUNCTION("IF( A46="""", """", IFERROR( INDEX( FILTER( Data!$AA:$AA, Data!$C:$C=$A46, Data!$Q:$Q=$B46 ), 1 ), 0 ) )"),0.0) -> 0
A47: =IFERROR(__xludf.DUMMYFUNCTION("""COMPUTED_VALUE"""),"Chloe Park") -> Chloe Park | B47: =IFERROR(__xludf.DUMMYFUNCTION("""COMPUTED_VALUE"""),46052.0) -> 46052 | C47: =IFERROR(__xludf.DUMMYFUNCTION("""COMPUTED_VALUE"""),46052.0) -> 46052 | D47: =IFERROR(__xludf.DUMMYFUNCTION("IF( A47="""", """", IFERROR( INDEX( FILTER( Data!$AA:$AA, Data!$C:$C=$A47, Data!$Q:$Q=$B47 ), 1 ), 0 ) )"),0.0) -> 0
A48: =IFERROR(__xludf.DUMMYFUNCTION("""COMPUTED_VALUE"""),"Jamal Washington") -> Jamal Washington | B48: =IFERROR(__xludf.DUMMYFUNCTION("""COMPUTED_VALUE"""),46052.0) -> 46052 | C48: =IFERROR(__xludf.DUMMYFUNCTION("""COMPUTED_VALUE"""),46052.0) -> 46052 | D48: =IFERROR(__xludf.DUMMYFUNCTION("IF( A48="""", """", IFERROR( INDEX( FILTER( Data!$AA:$AA, Data!$C:$C=$A48, Data!$Q:$Q=$B48 ), 1 ), 0 ) )"),0.0) -> 0
A49: =IFERROR(__xludf.DUMMYFUNCTION("""COMPUTED_VALUE"""),"Grace Nguyen") -> Grace Nguyen | B49: =IFERROR(__xludf.DUMMYFUNCTION("""COMPUTED_VALUE"""),46052.0) -> 46052 | C49: =IFERROR(__xludf.DUMMYFUNCTION("""COMPUTED_VALUE"""),46052.0) -> 46052 | D49: =IFERROR(__xludf.DUMMYFUNCTION("IF( A49="""", """", IFERROR( INDEX( FILTER( Data!$AA:$AA, Data!$C:$C=$A49, Data!$Q:$Q=$B49 ), 1 ), 0 ) )"),150.0) -> 150
A50: =IFERROR(__xludf.DUMMYFUNCTION("""COMPUTED_VALUE"""),"Amara Mensah") -> Amara Mensah | B50: =IFERROR(__xludf.DUMMYFUNCTION("""COMPUTED_VALUE"""),46052.0) -> 46052 | C50: =IFERROR(__xludf.DUMMYFUNCTION("""COMPUTED_VALUE"""),46052.0) -> 46052 | D50: =IFERROR(__xludf.DUMMYFUNCTION("IF( A50="""", """", IFERROR( INDEX( FILTER( Data!$AA:$AA, Data!$C:$C=$A50, Data!$Q:$Q=$B50 ), 1 ), 0 ) )"),0.0) -> 0
A51: =IFERROR(__xludf.DUMMYFUNCTION("""COMPUTED_VALUE"""),"Tyler Price") -> Tyler Price | B51: =IFERROR(__xludf.DUMMYFUNCTION("""COMPUTED_VALUE"""),46052.0) -> 46052 | C51: =IFERROR(__xludf.DUMMYFUNCTION("""COMPUTED_VALUE"""),46052.0) -> 46052 | D51: =IFERROR(__xludf.DUMMYFUNCTION("IF( A51="""", """", IFERROR( INDEX( FILTER( Data!$AA:$AA, Data!$C:$C=$A51, Data!$Q:$Q=$B51 ), 1 ), 0 ) )"),0.0) -> 0
A52: =IFERROR(__xludf.DUMMYFUNCTION("""COMPUTED_VALUE"""),"David Okafor") -> David Okafor | B52: =IFERROR(__xludf.DUMMYFUNCTION("""COMPUTED_VALUE"""),46052.0) -> 46052 | C52: =IFERROR(__xludf.DUMMYFUNCTION("""COMPUTED_VALUE"""),46052.0) -> 46052 | D52: =IFERROR(__xludf.DUMMYFUNCTION("IF( A52="""", """", IFERROR( INDEX( FILTER( Data!$AA:$AA, Data!$C:$C=$A52, Data!$Q:$Q=$B52 ), 1 ), 0 ) )"),0.0) -> 0
A53: =IFERROR(__xludf.DUMMYFUNCTION("""COMPUTED_VALUE"""),"Jordan Williams") -> Jordan Williams | B53: =IFERROR(__xludf.DUMMYFUNCTION("""COMPUTED_VALUE"""),46052.0) -> 46052 | C53: =IFERROR(__xludf.DUMMYFUNCTION("""COMPUTED_VALUE"""),46052.0) -> 46052 | D53: =IFERROR(__xludf.DUMMYFUNCTION("IF( A53="""", """", IFERROR( INDEX( FILTER( Data!$AA:$AA, Data!$C:$C=$A53, Data!$Q:$Q=$B53 ), 1 ), 0 ) )"),0.0) -> 0
A54: =IFERROR(__xludf.DUMMYFUNCTION("""COMPUTED_VALUE"""),"Aisha Johnson") -> Aisha Johnson | B54: =IFERROR(__xludf.DUMMYFUNCTION("""COMPUTED_VALUE"""),46052.0) -> 46052 | C54: =IFERROR(__xludf.DUMMYFUNCTION("""COMPUTED_VALUE"""),46052.0) -> 46052 | D54: =IFERROR(__xludf.DUMMYFUNCTION("IF( A54="""", """", IFERROR( INDEX( FILTER( Data!$AA:$AA, Data!$C:$C=$A54, Data!$Q:$Q=$B54 ), 1 ), 0 ) )"),0.0) -> 0
A55: =IFERROR(__xludf.DUMMYFUNCTION("""COMPUTED_VALUE"""),"Mei Liu") -> Mei Liu | B55: =IFERROR(__xludf.DUMMYFUNCTION("""COMPUTED_VALUE"""),46052.0) -> 46052 | C55: =IFERROR(__xludf.DUMMYFUNCTION("""COMPUTED_VALUE"""),46052.0) -> 46052 | D55: =IFERROR(__xludf.DUMMYFUNCTION("IF( A55="""", """", IFERROR( INDEX( FILTER( Data!$AA:$AA, Data!$C:$C=$A55, Data!$Q:$Q=$B55 ), 1 ), 0 ) )"),0.0) -> 0
A56: =IFERROR(__xludf.DUMMYFUNCTION("""COMPUTED_VALUE"""),"Marcus Thompson") -> Marcus Thompson | B56: =IFERROR(__xludf.DUMMYFUNCTION("""COMPUTED_VALUE"""),46052.0) -> 46052 | C56: =IFERROR(__xludf.DUMMYFUNCTION("""COMPUTED_VALUE"""),46052.0) -> 46052 | D56: =IFERROR(__xludf.DUMMYFUNCTION("IF( A56="""", """", IFERROR( INDEX( FILTER( Data!$AA:$AA, Data!$C:$C=$A56, Data!$Q:$Q=$B56 ), 1 ), 0 ) )"),0.0) -> 0
A57: =IFERROR(__xludf.DUMMYFUNCTION("""COMPUTED_VALUE"""),"Luis Herrera") -> Luis Herrera | B57: =IFERROR(__xludf.DUMMYFUNCTION("""COMPUTED_VALUE"""),46052.0) -> 46052 | C57: =IFERROR(__xludf.DUMMYFUNCTION("""COMPUTED_VALUE"""),46052.0) -> 46052 | D57: =IFERROR(__xludf.DUMMYFUNCTION("IF( A57="""", """", IFERROR( INDEX( FILTER( Data!$AA:$AA, Data!$C:$C=$A57, Data!$Q:$Q=$B57 ), 1 ), 0 ) )"),0.0) -> 0
A58: =IFERROR(__xludf.DUMMYFUNCTION("""COMPUTED_VALUE"""),"Benjamin Stein") -> Benjamin Stein | B58: =IFERROR(__xludf.DUMMYFUNCTION("""COMPUTED_VALUE"""),46052.0) -> 46052 | C58: =IFERROR(__xludf.DUMMYFUNCTION("""COMPUTED_VALUE"""),46052.0) -> 46052 | D58: =IFERROR(__xludf.DUMMYFUNCTION("IF( A58="""", """", IFERROR( INDEX( FILTER( Data!$AA:$AA, Data!$C:$C=$A58, Data!$Q:$Q=$B58 ), 1 ), 0 ) )"),0.0) -> 0
A59: =IFERROR(__xludf.DUMMYFUNCTION("""COMPUTED_VALUE"""),"Emily Chen") -> Emily Chen | B59: =IFERROR(__xludf.DUMMYFUNCTION("""COMPUTED_VALUE"""),46052.0) -> 46052 | C59: =IFERROR(__xludf.DUMMYFUNCTION("""COMPUTED_VALUE"""),46052.0) -> 46052 | D59: =IFERROR(__xludf.DUMMYFUNCTION("IF( A59="""", """", IFERROR( INDEX( FILTER( Data!$AA:$AA, Data!$C:$C=$A59, Data!$Q:$Q=$B59 ), 1 ), 0 ) )"),0.0) -> 0
A60: =IFERROR(__xludf.DUMMYFUNCTION("""COMPUTED_VALUE"""),"Sarah Ahmed") -> Sarah Ahmed | B60: =IFERROR(__xludf.DUMMYFUNCTION("""COMPUTED_VALUE"""),46052.0) -> 46052 | C60: =IFERROR(__xludf.DUMMYFUNCTION("""COMPUTED_VALUE"""),46052.0) -> 46052 | D60: =IFERROR(__xludf.DUMMYFUNCTION("IF( A60="""", """", IFERROR( INDEX( FILTER( Data!$AA:$AA, Data!$C:$C=$A60, Data!$Q:$Q=$B60 ), 1 ), 0 ) )"),0.0) -> 0
A61: =IFERROR(__xludf.DUMMYFUNCTION("""COMPUTED_VALUE"""),"Julia Kowalski") -> Julia Kowalski | B61: =IFERROR(__xludf.DUMMYFUNCTION("""COMPUTED_VALUE"""),46052.0) -> 46052 | C61: =IFERROR(__xludf.DUMMYFUNCTION("""COMPUTED_VALUE"""),46052.0) -> 46052 | D61: =IFERROR(__xludf.DUMMYFUNCTION("IF( A61="""", """", IFERROR( INDEX( FILTER( Data!$AA:$AA, Data!$C:$C=$A61, Data!$Q:$Q=$B61 ), 1 ), 0 ) )"),150.0) -> 150
A62: =IFERROR(__xludf.DUMMYFUNCTION("""COMPUTED_VALUE"""),"Ahmed El-Sayed") -> Ahmed El-Sayed | B62: =IFERROR(__xludf.DUMMYFUNCTION("""COMPUTED_VALUE"""),46052.0) -> 46052 | C62: =IFERROR(__xludf.DUMMYFUNCTION("""COMPUTED_VALUE"""),46052.0) -> 46052 | D62: =IFERROR(__xludf.DUMMYFUNCTION("IF( A62="""", """", IFERROR( INDEX( FILTER( Data!$AA:$AA, Data!$C:$C=$A62, Data!$Q:$Q=$B62 ), 1 ), 0 ) )"),0.0) -> 0
A63: =IFERROR(__xludf.DUMMYFUNCTION("""COMPUTED_VALUE"""),"Maya Patel") -> Maya Patel | B63: =IFERROR(__xludf.DUMMYFUNCTION("""COMPUTED_VALUE"""),46052.0) -> 46052 | C63: =IFERROR(__xludf.DUMMYFUNCTION("""COMPUTED_VALUE"""),46052.0) -> 46052 | D63: =IFERROR(__xludf.DUMMYFUNCTION("IF( A63="""", """", IFERROR( INDEX( FILTER( Data!$AA:$AA, Data!$C:$C=$A63, Data!$Q:$Q=$B63 ), 1 ), 0 ) )"),150.0) -> 150
A64: =IFERROR(__xludf.DUMMYFUNCTION("""COMPUTED_VALUE"""),"Priya Nair") -> Priya Nair | B64: =IFERROR(__xludf.DUMMYFUNCTION("""COMPUTED_VALUE"""),46052.0) -> 46052 | C64: =IFERROR(__xludf.DUMMYFUNCTION("""COMPUTED_VALUE"""),46052.0) -> 46052 | D64: =IFERROR(__xludf.DUMMYFUNCTION("IF( A64="""", """", IFERROR( INDEX( FILTER( Data!$AA:$AA, Data!$C:$C=$A64, Data!$Q:$Q=$B64 ), 1 ), 0 ) )"),0.0) -> 0
A65: =IFERROR(__xludf.DUMMYFUNCTION("""COMPUTED_VALUE"""),"Alejandro Cruz") -> Alejandro Cruz | B65: =IFERROR(__xludf.DUMMYFUNCTION("""COMPUTED_VALUE"""),46052.0) -> 46052 | C65: =IFERROR(__xludf.DUMMYFUNCTION("""COMPUTED_VALUE"""),46052.0) -> 46052 | D65: =IFERROR(__xludf.DUMMYFUNCTION("IF( A65="""", """", IFERROR( INDEX( FILTER( Data!$AA:$AA, Data!$C:$C=$A65, Data!$Q:$Q=$B65 ), 1 ), 0 ) )"),0.0) -> 0
A66: =IFERROR(__xludf.DUMMYFUNCTION("""COMPUTED_VALUE"""),"Victor Ivanov") -> Victor Ivanov | B66: =IFERROR(__xludf.DUMMYFUNCTION("""COMPUTED_VALUE"""),46052.0) -> 46052 | C66: =IFERROR(__xludf.DUMMYFUNCTION("""COMPUTED_VALUE"""),46052.0) -> 46052 | D66: =IFERROR(__xludf.DUMMYFUNCTION("IF( A66="""", """", IFERROR( INDEX( FILTER( Data!$AA:$AA, Data!$C:$C=$A66, Data!$Q:$Q=$B66 ), 1 ), 0 ) )"),0.0) -> 0
A67: =IFERROR(__xludf.DUMMYFUNCTION("""COMPUTED_VALUE"""),"Kevin Murphy") -> Kevin Murphy | B67: =IFERROR(__xludf.DUMMYFUNCTION("""COMPUTED_VALUE"""),46052.0) -> 46052 | C67: =IFERROR(__xludf.DUMMYFUNCTION("""COMPUTED_VALUE"""),46052.0) -> 46052 | D67: =IFERROR(__xludf.DUMMYFUNCTION("IF( A67="""", """", IFERROR( INDEX( FILTER( Data!$AA:$AA, Data!$C:$C=$A67, Data!$Q:$Q=$B67 ), 1 ), 0 ) )"),0.0) -> 0
A68: =IFERROR(__xludf.DUMMYFUNCTION("""COMPUTED_VALUE"""),"Daniel Kim") -> Daniel Kim | B68: =IFERROR(__xludf.DUMMYFUNCTION("""COMPUTED_VALUE"""),46052.0) -> 46052 | C68: =IFERROR(__xludf.DUMMYFUNCTION("""COMPUTED_VALUE"""),46052.0) -> 46052 | D68: =IFERROR(__xludf.DUMMYFUNCTION("IF( A68="""", """", IFERROR( INDEX( FILTER( Data!$AA:$AA, Data!$C:$C=$A68, Data!$Q:$Q=$B68 ), 1 ), 0 ) )"),0.0) -> 0
A69: =IFERROR(__xludf.DUMMYFUNCTION("""COMPUTED_VALUE"""),"Ethan Brooks") -> Ethan Brooks | B69: =IFERROR(__xludf.DUMMYFUNCTION("""COMPUTED_VALUE"""),46052.0) -> 46052 | C69: =IFERROR(__xludf.DUMMYFUNCTION("""COMPUTED_VALUE"""),46052.0) -> 46052 | D69: =IFERROR(__xludf.DUMMYFUNCTION("IF( A69="""", """", IFERROR( INDEX( FILTER( Data!$AA:$AA, Data!$C:$C=$A69, Data!$Q:$Q=$B69 ), 1 ), 0 ) )"),0.0) -> 0
A70: =IFERROR(__xludf.DUMMYFUNCTION("""COMPUTED_VALUE"""),"Anika Singh") -> Anika Singh | B70: =IFERROR(__xludf.DUMMYFUNCTION("""COMPUTED_VALUE"""),46052.0) -> 46052 | C70: =IFERROR(__xludf.DUMMYFUNCTION("""COMPUTED_VALUE"""),46052.0) -> 46052 | D70: =IFERROR(__xludf.DUMMYFUNCTION("IF( A70="""", """", IFERROR( INDEX( FILTER( Data!$AA:$AA, Data!$C:$C=$A70, Data!$Q:$Q=$B70 ), 1 ), 0 ) )"),0.0) -> 0
A71: =IFERROR(__xludf.DUMMYFUNCTION("""COMPUTED_VALUE"""),"Jacob Anderson") -> Jacob Anderson | B71: =IFERROR(__xludf.DUMMYFUNCTION("""COMPUTED_VALUE"""),46052.0) -> 46052 | C71: =IFERROR(__xludf.DUMMYFUNCTION("""COMPUTED_VALUE"""),46052.0) -> 46052 | D71: =IFERROR(__xludf.DUMMYFUNCTION("IF( A71="""", """", IFERROR( INDEX( FILTER( Data!$AA:$AA, Data!$C:$C=$A71, Data!$Q:$Q=$B71 ), 1 ), 0 ) )"),0.0) -> 0
A72: =IFERROR(__xludf.DUMMYFUNCTION("""COMPUTED_VALUE"""),"Rebecca Goldstein") -> Rebecca Goldstein | B72: =IFERROR(__xludf.DUMMYFUNCTION("""COMPUTED_VALUE"""),46052.0) -> 46052 | C72: =IFERROR(__xludf.DUMMYFUNCTION("""COMPUTED_VALUE"""),46052.0) -> 46052 | D72: =IFERROR(__xludf.DUMMYFUNCTION("IF( A72="""", """", IFERROR( INDEX( FILTER( Data!$AA:$AA, Data!$C:$C=$A72, Data!$Q:$Q=$B72 ), 1 ), 0 ) )"),0.0) -> 0
A73: =IFERROR(__xludf.DUMMYFUNCTION("""COMPUTED_VALUE"""),"Fatima Hassan") -> Fatima Hassan | B73: =IFERROR(__xludf.DUMMYFUNCTION("""COMPUTED_VALUE"""),46052.0) -> 46052 | C73: =IFERROR(__xludf.DUMMYFUNCTION("""COMPUTED_VALUE"""),46052.0) -> 46052 | D73: =IFERROR(__xludf.DUMMYFUNCTION("IF( A73="""", """", IFERROR( INDEX( FILTER( Data!$AA:$AA, Data!$C:$C=$A73, Data!$Q:$Q=$B73 ), 1 ), 0 ) )"),0.0) -> 0
A74: =IFERROR(__xludf.DUMMYFUNCTION("""COMPUTED_VALUE"""),"Nia Brown") -> Nia Brown | B74: =IFERROR(__xludf.DUMMYFUNCTION("""COMPUTED_VALUE"""),46052.0) -> 46052 | C74: =IFERROR(__xludf.DUMMYFUNCTION("""COMPUTED_VALUE"""),46052.0) -> 46052 | D74: =IFERROR(__xludf.DUMMYFUNCTION("IF( A74="""", """", IFERROR( INDEX( FILTER( Data!$AA:$AA, Data!$C:$C=$A74, Data!$Q:$Q=$B74 ), 1 ), 0 ) )"),0.0) -> 0
A75: =IFERROR(__xludf.DUMMYFUNCTION("""COMPUTED_VALUE"""),"Michael Sullivan") -> Michael Sullivan | B75: =IFERROR(__xludf.DUMMYFUNCTION("""COMPUTED_VALUE"""),46052.0) -> 46052 | C75: =IFERROR(__xludf.DUMMYFUNCTION("""COMPUTED_VALUE"""),46052.0) -> 46052 | D75: =IFERROR(__xludf.DUMMYFUNCTION("IF( A75="""", """", IFERROR( INDEX( FILTER( Data!$AA:$AA, Data!$C:$C=$A75, Data!$Q:$Q=$B75 ), 1 ), 0 ) )"),0.0) -> 0
A76: =IFERROR(__xludf.DUMMYFUNCTION("""COMPUTED_VALUE"""),"Yara Haddad") -> Yara Haddad | B76: =IFERROR(__xludf.DUMMYFUNCTION("""COMPUTED_VALUE"""),46052.0) -> 46052 | C76: =IFERROR(__xludf.DUMMYFUNCTION("""COMPUTED_VALUE"""),46052.0) -> 46052 | D76: =IFERROR(__xludf.DUMMYFUNCTION("IF( A76="""", """", IFERROR( INDEX( FILTER( Data!$AA:$AA, Data!$C:$C=$A76, Data!$Q:$Q=$B76 ), 1 ), 0 ) )"),0.0) -> 0
A77: =IFERROR(__xludf.DUMMYFUNCTION("""COMPUTED_VALUE"""),"José Alvarez") -> José Alvarez | B77: =IFERROR(__xludf.DUMMYFUNCTION("""COMPUTED_VALUE"""),46052.0) -> 46052 | C77: =IFERROR(__xludf.DUMMYFUNCTION("""COMPUTED_VALUE"""),46052.0) -> 46052 | D77: =IFERROR(__xludf.DUMMYFUNCTION("IF( A77="""", """", IFERROR( INDEX( FILTER( Data!$AA:$AA, Data!$C:$C=$A77, Data!$Q:$Q=$B77 ), 1 ), 0 ) )"),0.0) -> 0
A78: =IFERROR(__xludf.DUMMYFUNCTION("""COMPUTED_VALUE"""),"Brittany Scott") -> Brittany Scott | B78: =IFERROR(__xludf.DUMMYFUNCTION("""COMPUTED_VALUE"""),46052.0) -> 46052 | C78: =IFERROR(__xludf.DUMMYFUNCTION("""COMPUTED_VALUE"""),46052.0) -> 46052 | D78: =IFERROR(__xludf.DUMMYFUNCTION("IF( A78="""", """", IFERROR( INDEX( FILTER( Data!$AA:$AA, Data!$C:$C=$A78, Data!$Q:$Q=$B78 ), 1 ), 0 ) )"),0.0) -> 0
A79: =IFERROR(__xludf.DUMMYFUNCTION("""COMPUTED_VALUE"""),"Kofi Boateng") -> Kofi Boateng | B79: =IFERROR(__xludf.DUMMYFUNCTION("""COMPUTED_VALUE"""),46052.0) -> 46052 | C79: =IFERROR(__xludf.DUMMYFUNCTION("""COMPUTED_VALUE"""),46052.0) -> 46052 | D79: =IFERROR(__xludf.DUMMYFUNCTION("IF( A79="""", """", IFERROR( INDEX( FILTER( Data!$AA:$AA, Data!$C:$C=$A79, Data!$Q:$Q=$B79 ), 1 ), 0 ) )"),0.0) -> 0
A80: =IFERROR(__xludf.DUMMYFUNCTION("""COMPUTED_VALUE"""),"Julia Kowalski") -> Julia Kowalski | B80: =IFERROR(__xludf.DUMMYFUNCTION("""COMPUTED_VALUE"""),46059.0) -> 46059 | C80: =IFERROR(__xludf.DUMMYFUNCTION("""COMPUTED_VALUE"""),46066.0) -> 46066 | D80: =IFERROR(__xludf.DUMMYFUNCTION("IF( A80="""", """", IFERROR( INDEX( FILTER( Data!$AA:$AA, Data!$C:$C=$A80, Data!$Q:$Q=$B80 ), 1 ), 0 ) )"),0.0) -> 0
A81: =IFERROR(__xludf.DUMMYFUNCTION("""COMPUTED_VALUE"""),"Jordan Williams") -> Jordan Williams | B81: =IFERROR(__xludf.DUMMYFUNCTION("""COMPUTED_VALUE"""),46059.0) -> 46059 | C81: =IFERROR(__xludf.DUMMYFUNCTION("""COMPUTED_VALUE"""),46066.0) -> 46066 | D81: =IFERROR(__xludf.DUMMYFUNCTION("IF( A81="""", """", IFERROR( INDEX( FILTER( Data!$AA:$AA, Data!$C:$C=$A81, Data!$Q:$Q=$B81 ), 1 ), 0 ) )"),0.0) -> 0
A82: =IFERROR(__xludf.DUMMYFUNCTION("""COMPUTED_VALUE"""),"Fatima Hassan") -> Fatima Hassan | B82: =IFERROR(__xludf.DUMMYFUNCTION("""COMPUTED_VALUE"""),46059.0) -> 46059 | C82: =IFERROR(__xludf.DUMMYFUNCTION("""COMPUTED_VALUE"""),46066.0) -> 46066 | D82: =IFERROR(__xludf.DUMMYFUNCTION("IF( A82="""", """", IFERROR( INDEX( FILTER( Data!$AA:$AA, Data!$C:$C=$A82, Data!$Q:$Q=$B82 ), 1 ), 0 ) )"),0.0) -> 0
A83: =IFERROR(__xludf.DUMMYFUNCTION("""COMPUTED_VALUE"""),"Ethan Brooks") -> Ethan Brooks | B83: =IFERROR(__xludf.DUMMYFUNCTION("""COMPUTED_VALUE"""),46059.0) -> 46059 | C83: =IFERROR(__xludf.DUMMYFUNCTION("""COMPUTED_VALUE"""),46066.0) -> 46066 | D83: =IFERROR(__xludf.DUMMYFUNCTION("IF( A83="""", """", IFERROR( INDEX( FILTER( Data!$AA:$AA, Data!$C:$C=$A83, Data!$Q:$Q=$B83 ), 1 ), 0 ) )"),0.0) -> 0
A84: =IFERROR(__xludf.DUMMYFUNCTION("""COMPUTED_VALUE"""),"Kevin Murphy") -> Kevin Murphy | B84: =IFERROR(__xludf.DUMMYFUNCTION("""COMPUTED_VALUE"""),46059.0) -> 46059 | C84: =IFERROR(__xludf.DUMMYFUNCTION("""COMPUTED_VALUE"""),46066.0) -> 46066 | D84: =IFERROR(__xludf.DUMMYFUNCTION("IF( A84="""", """", IFERROR( INDEX( FILTER( Data!$AA:$AA, Data!$C:$C=$A84, Data!$Q:$Q=$B84 ), 1 ), 0 ) )"),0.0) -> 0
A85: =IFERROR(__xludf.DUMMYFUNCTION("""COMPUTED_VALUE"""),"Grace Nguyen") -> Grace Nguyen | B85: =IFERROR(__xludf.DUMMYFUNCTION("""COMPUTED_VALUE"""),46059.0) -> 46059 | C85: =IFERROR(__xludf.DUMMYFUNCTION("""COMPUTED_VALUE"""),46066.0) -> 46066 | D85: =IFERROR(__xludf.DUMMYFUNCTION("IF( A85="""", """", IFERROR( INDEX( FILTER( Data!$AA:$AA, Data!$C:$C=$A85, Data!$Q:$Q=$B85 ), 1 ), 0 ) )"),0.0) -> 0
A86: =IFERROR(__xludf.DUMMYFUNCTION("""COMPUTED_VALUE"""),"Ava Reynolds") -> Ava Reynolds | B86: =IFERROR(__xludf.DUMMYFUNCTION("""COMPUTED_VALUE"""),46059.0) -> 46059 | C86: =IFERROR(__xludf.DUMMYFUNCTION("""COMPUTED_VALUE"""),46066.0) -> 46066 | D86: =IFERROR(__xludf.DUMMYFUNCTION("IF( A86="""", """", IFERROR( INDEX( FILTER( Data!$AA:$AA, Data!$C:$C=$A86, Data!$Q:$Q=$B86 ), 1 ), 0 ) )"),0.0) -> 0
A87: =IFERROR(__xludf.DUMMYFUNCTION("""COMPUTED_VALUE"""),"Aisha Johnson") -> Aisha Johnson | B87: =IFERROR(__xludf.DUMMYFUNCTION("""COMPUTED_VALUE"""),46059.0) -> 46059 | C87: =IFERROR(__xludf.DUMMYFUNCTION("""COMPUTED_VALUE"""),46066.0) -> 46066 | D87: =IFERROR(__xludf.DUMMYFUNCTION("IF( A87="""", """", IFERROR( INDEX( FILTER( Data!$AA:$AA, Data!$C:$C=$A87, Data!$Q:$Q=$B87 ), 1 ), 0 ) )"),0.0) -> 0
A88: =IFERROR(__xludf.DUMMYFUNCTION("""COMPUTED_VALUE"""),"Denis Petrov") -> Denis Petrov | B88: =IFERROR(__xludf.DUMMYFUNCTION("""COMPUTED_VALUE"""),46059.0) -> 46059 | C88: =IFERROR(__xludf.DUMMYFUNCTION("""COMPUTED_VALUE"""),46066.0) -> 46066 | D88: =IFERROR(__xludf.DUMMYFUNCTION("IF( A88="""", """", IFERROR( INDEX( FILTER( Data!$AA:$AA, Data!$C:$C=$A88, Data!$Q:$Q=$B88 ), 1 ), 0 ) )"),0.0) -> 0
A89: =IFERROR(__xludf.DUMMYFUNCTION("""COMPUTED_VALUE"""),"Emily Chen") -> Emily Chen | B89: =IFERROR(__xludf.DUMMYFUNCTION("""COMPUTED_VALUE"""),46059.0) -> 46059 | C89: =IFERROR(__xludf.DUMMYFUNCTION("""COMPUTED_VALUE"""),46066.0) -> 46066 | D89: =IFERROR(__xludf.DUMMYFUNCTION("IF( A89="""", """", IFERROR( INDEX( FILTER( Data!$AA:$AA, Data!$C:$C=$A89, Data!$Q:$Q=$B89 ), 1 ), 0 ) )"),0.0) -> 0
A90: =IFERROR(__xludf.DUMMYFUNCTION("""COMPUTED_VALUE"""),"Sienna Russo") -> Sienna Russo | B90: =IFERROR(__xludf.DUMMYFUNCTION("""COMPUTED_VALUE"""),46059.0) -> 46059 | C90: =IFERROR(__xludf.DUMMYFUNCTION("""COMPUTED_VALUE"""),46066.0) -> 46066 | D90: =IFERROR(__xludf.DUMMYFUNCTION("IF( A90="""", """", IFERROR( INDEX( FILTER( Data!$AA:$AA, Data!$C:$C=$A90, Data!$Q:$Q=$B90 ), 1 ), 0 ) )"),0.0) -> 0
A91: =IFERROR(__xludf.DUMMYFUNCTION("""COMPUTED_VALUE"""),"Tariq Khan") -> Tariq Khan | B91: =IFERROR(__xludf.DUMMYFUNCTION("""COMPUTED_VALUE"""),46059.0) -> 46059 | C91: =IFERROR(__xludf.DUMMYFUNCTION("""COMPUTED_VALUE"""),46066.0) -> 46066 | D91: =IFERROR(__xludf.DUMMYFUNCTION("IF( A91="""", """", IFERROR( INDEX( FILTER( Data!$AA:$AA, Data!$C:$C=$A91, Data!$Q:$Q=$B91 ), 1 ), 0 ) )"),0.0) -> 0
A92: =IFERROR(__xludf.DUMMYFUNCTION("""COMPUTED_VALUE"""),"Jamal Washington") -> Jamal Washington | B92: =IFERROR(__xludf.DUMMYFUNCTION("""COMPUTED_VALUE"""),46059.0) -> 46059 | C92: =IFERROR(__xludf.DUMMYFUNCTION("""COMPUTED_VALUE"""),46066.0) -> 46066 | D92: =IFERROR(__xludf.DUMMYFUNCTION("IF( A92="""", """", IFERROR( INDEX( FILTER( Data!$AA:$AA, Data!$C:$C=$A92, Data!$Q:$Q=$B92 ), 1 ), 0 ) )"),0.0) -> 0
A93: =IFERROR(__xludf.DUMMYFUNCTION("""COMPUTED_VALUE"""),"Brooke Foster") -> Brooke Foster | B93: =IFERROR(__xludf.DUMMYFUNCTION("""COMPUTED_VALUE"""),46059.0) -> 46059 | C93: =IFERROR(__xludf.DUMMYFUNCTION("""COMPUTED_VALUE"""),46066.0) -> 46066 | D93: =IFERROR(__xludf.DUMMYFUNCTION("IF( A93="""", """", IFERROR( INDEX( FILTER( Data!$AA:$AA, Data!$C:$C=$A93, Data!$Q:$Q=$B93 ), 1 ), 0 ) )"),0.0) -> 0
A94: =IFERROR(__xludf.DUMMYFUNCTION("""COMPUTED_VALUE"""),"Marcus Thompson") -> Marcus Thompson | B94: =IFERROR(__xludf.DUMMYFUNCTION("""COMPUTED_VALUE"""),46059.0) -> 46059 | C94: =IFERROR(__xludf.DUMMYFUNCTION("""COMPUTED_VALUE"""),46066.0) -> 46066 | D94: =IFERROR(__xludf.DUMMYFUNCTION("IF( A94="""", """", IFERROR( INDEX( FILTER( Data!$AA:$AA, Data!$C:$C=$A94, Data!$Q:$Q=$B94 ), 1 ), 0 ) )"),0.0) -> 0
A95: =IFERROR(__xludf.DUMMYFUNCTION("""COMPUTED_VALUE"""),"David Okafor") -> David Okafor | B95: =IFERROR(__xludf.DUMMYFUNCTION("""COMPUTED_VALUE"""),46059.0) -> 46059 | C95: =IFERROR(__xludf.DUMMYFUNCTION("""COMPUTED_VALUE"""),46066.0) -> 46066 | D95: =IFERROR(__xludf.DUMMYFUNCTION("IF( A95="""", """", IFERROR( INDEX( FILTER( Data!$AA:$AA, Data!$C:$C=$A95, Data!$Q:$Q=$B95 ), 1 ), 0 ) )"),0.0) -> 0
A96: =IFERROR(__xludf.DUMMYFUNCTION("""COMPUTED_VALUE"""),"Maya Patel") -> Maya Patel | B96: =IFERROR(__xludf.DUMMYFUNCTION("""COMPUTED_VALUE"""),46059.0) -> 46059 | C96: =IFERROR(__xludf.DUMMYFUNCTION("""COMPUTED_VALUE"""),46066.0) -> 46066 | D96: =IFERROR(__xludf.DUMMYFUNCTION("IF( A96="""", """", IFERROR( INDEX( FILTER( Data!$AA:$AA, Data!$C:$C=$A96, Data!$Q:$Q=$B96 ), 1 ), 0 ) )"),0.0) -> 0
A97: =IFERROR(__xludf.DUMMYFUNCTION("""COMPUTED_VALUE"""),"Haruto Tanaka") -> Haruto Tanaka | B97: =IFERROR(__xludf.DUMMYFUNCTION("""COMPUTED_VALUE"""),46059.0) -> 46059 | C97: =IFERROR(__xludf.DUMMYFUNCTION("""COMPUTED_VALUE"""),46066.0) -> 46066 | D97: =IFERROR(__xludf.DUMMYFUNCTION("IF( A97="""", """", IFERROR( INDEX( FILTER( Data!$AA:$AA, Data!$C:$C=$A97, Data!$Q:$Q=$B97 ), 1 ), 0 ) )"),0.0) -> 0
A98: =IFERROR(__xludf.DUMMYFUNCTION("""COMPUTED_VALUE"""),"Nia Brown") -> Nia Brown | B98: =IFERROR(__xludf.DUMMYFUNCTION("""COMPUTED_VALUE"""),46059.0) -> 46059 | C98: =IFERROR(__xludf.DUMMYFUNCTION("""COMPUTED_VALUE"""),46066.0) -> 46066 | D98: =IFERROR(__xludf.DUMMYFUNCTION("IF( A98="""", """", IFERROR( INDEX( FILTER( Data!$AA:$AA, Data!$C:$C=$A98, Data!$Q:$Q=$B98 ), 1 ), 0 ) )"),0.0) -> 0
A99: =IFERROR(__xludf.DUMMYFUNCTION("""COMPUTED_VALUE"""),"Jacob Anderson") -> Jacob Anderson | B99: =IFERROR(__xludf.DUMMYFUNCTION("""COMPUTED_VALUE"""),46059.0) -> 46059 | C99: =IFERROR(__xludf.DUMMYFUNCTION("""COMPUTED_VALUE"""),46066.0) -> 46066 | D99: =IFERROR(__xludf.DUMMYFUNCTION("IF( A99="""", """", IFERROR( INDEX( FILTER( Data!$AA:$AA, Data!$C:$C=$A99, Data!$Q:$Q=$B99 ), 1 ), 0 ) )"),0.0) -> 0
A100: =IFERROR(__xludf.DUMMYFUNCTION("""COMPUTED_VALUE"""),"Zainab Ali") -> Zainab Ali | B100: =IFERROR(__xludf.DUMMYFUNCTION("""COMPUTED_VALUE"""),46059.0) -> 46059 | C100: =IFERROR(__xludf.DUMMYFUNCTION("""COMPUTED_VALUE"""),46066.0) -> 46066 | D100: =IFERROR(__xludf.DUMMYFUNCTION("IF( A100="""", """", IFERROR( INDEX( FILTER( Data!$AA:$AA, Data!$C:$C=$A100, Data!$Q:$Q=$B100 ), 1 ), 0 ) )"),0.0) -> 0
...

Sheet Totals by Pay Period
A1: Canvasser | B1: Pay Period | C1: Shift Pay (Base + Fri/Sat Bonuses) | D1: Weekly Bonus | E1: Total Pay
A2: =IFERROR(__xludf.DUMMYFUNCTION("UNIQUE( FILTER( { Data!$C$2:$C1000, Data!$Y$2:$Y1000 }, LEN(Data!$C$2:$C1000) ) )"),"Maya Patel") -> Maya Patel | B2: =IFERROR(__xludf.DUMMYFUNCTION("""COMPUTED_VALUE"""),46038.0) -> 46038 | C2: =IF($A2="", "", SUMIFS( Data!$T:$T, Data!$C:$C, $A2, Data!$Y:$Y, $B2 ) + SUMIFS( Data!$X:$X, Data!$C:$C, $A2, Data!$Y:$Y, $B2 ) ) -> 520.4 | D2: =IF($A2="", "", SUMIFS( Weekly_Bonus_By_Person!$D:$D, Weekly_Bonus_By_Person!$A:$A, $A2, Weekly_Bonus_By_Person!$C:$C, $B2 ) ) -> 0 | E2: =IF($A2="", "", C2 + D2) -> 520.4
A3: =IFERROR(__xludf.DUMMYFUNCTION("""COMPUTED_VALUE"""),"Jordan Williams") -> Jordan Williams | B3: =IFERROR(__xludf.DUMMYFUNCTION("""COMPUTED_VALUE"""),46038.0) -> 46038 | C3: =IF($A3="", "", SUMIFS( Data!$T:$T, Data!$C:$C, $A3, Data!$Y:$Y, $B3 ) + SUMIFS( Data!$X:$X, Data!$C:$C, $A3, Data!$Y:$Y, $B3 ) ) -> 464 | D3: =IF($A3="", "", SUMIFS( Weekly_Bonus_By_Person!$D:$D, Weekly_Bonus_By_Person!$A:$A, $A3, Weekly_Bonus_By_Person!$C:$C, $B3 ) ) -> 0 | E3: =IF($A3="", "", C3 + D3) -> 464
A4: =IFERROR(__xludf.DUMMYFUNCTION("""COMPUTED_VALUE"""),"Carlos Ramirez") -> Carlos Ramirez | B4: =IFERROR(__xludf.DUMMYFUNCTION("""COMPUTED_VALUE"""),46038.0) -> 46038 | C4: =IF($A4="", "", SUMIFS( Data!$T:$T, Data!$C:$C, $A4, Data!$Y:$Y, $B4 ) + SUMIFS( Data!$X:$X, Data!$C:$C, $A4, Data!$Y:$Y, $B4 ) ) -> 457.93333 | D4: =IF($A4="", "", SUMIFS( Weekly_Bonus_By_Person!$D:$D, Weekly_Bonus_By_Person!$A:$A, $A4, Weekly_Bonus_By_Person!$C:$C, $B4 ) ) -> 0 | E4: =IF($A4="", "", C4 + D4) -> 457.93333
A5: =IFERROR(__xludf.DUMMYFUNCTION("""COMPUTED_VALUE"""),"Emily Chen") -> Emily Chen | B5: =IFERROR(__xludf.DUMMYFUNCTION("""COMPUTED_VALUE"""),46038.0) -> 46038 | C5: =IF($A5="", "", SUMIFS( Data!$T:$T, Data!$C:$C, $A5, Data!$Y:$Y, $B5 ) + SUMIFS( Data!$X:$X, Data!$C:$C, $A5, Data!$Y:$Y, $B5 ) ) -> 194 | D5: =IF($A5="", "", SUMIFS( Weekly_Bonus_By_Person!$D:$D, Weekly_Bonus_By_Person!$A:$A, $A5, Weekly_Bonus_By_Person!$C:$C, $B5 ) ) -> 0 | E5: =IF($A5="", "", C5 + D5) -> 194
A6: =IFERROR(__xludf.DUMMYFUNCTION("""COMPUTED_VALUE"""),"Aisha Johnson") -> Aisha Johnson | B6: =IFERROR(__xludf.DUMMYFUNCTION("""COMPUTED_VALUE"""),46038.0) -> 46038 | C6: =IF($A6="", "", SUMIFS( Data!$T:$T, Data!$C:$C, $A6, Data!$Y:$Y, $B6 ) + SUMIFS( Data!$X:$X, Data!$C:$C, $A6, Data!$Y:$Y, $B6 ) ) -> 501.8 | D6: =IF($A6="", "", SUMIFS( Weekly_Bonus_By_Person!$D:$D, Weekly_Bonus_By_Person!$A:$A, $A6, Weekly_Bonus_By_Person!$C:$C, $B6 ) ) -> 0 | E6: =IF($A6="", "", C6 + D6) -> 501.8
A7: =IFERROR(__xludf.DUMMYFUNCTION("""COMPUTED_VALUE"""),"Daniel Kim") -> Daniel Kim | B7: =IFERROR(__xludf.DUMMYFUNCTION("""COMPUTED_VALUE"""),46038.0) -> 46038 | C7: =IF($A7="", "", SUMIFS( Data!$T:$T, Data!$C:$C, $A7, Data!$Y:$Y, $B7 ) + SUMIFS( Data!$X:$X, Data!$C:$C, $A7, Data!$Y:$Y, $B7 ) ) -> 296.83333 | D7: =IF($A7="", "", SUMIFS( Weekly_Bonus_By_Person!$D:$D, Weekly_Bonus_By_Person!$A:$A, $A7, Weekly_Bonus_By_Person!$C:$C, $B7 ) ) -> 0 | E7: =IF($A7="", "", C7 + D7) -> 296.83333
A8: =IFERROR(__xludf.DUMMYFUNCTION("""COMPUTED_VALUE"""),"Sofia Martinez") -> Sofia Martinez | B8: =IFERROR(__xludf.DUMMYFUNCTION("""COMPUTED_VALUE"""),46038.0) -> 46038 | C8: =IF($A8="", "", SUMIFS( Data!$T:$T, Data!$C:$C, $A8, Data!$Y:$Y, $B8 ) + SUMIFS( Data!$X:$X, Data!$C:$C, $A8, Data!$Y:$Y, $B8 ) ) -> 435.2 | D8: =IF($A8="", "", SUMIFS( Weekly_Bonus_By_Person!$D:$D, Weekly_Bonus_By_Person!$A:$A, $A8, Weekly_Bonus_By_Person!$C:$C, $B8 ) ) -> 0 | E8: =IF($A8="", "", C8 + D8) -> 435.2
A9: =IFERROR(__xludf.DUMMYFUNCTION("""COMPUTED_VALUE"""),"Marcus Thompson") -> Marcus Thompson | B9: =IFERROR(__xludf.DUMMYFUNCTION("""COMPUTED_VALUE"""),46038.0) -> 46038 | C9: =IF($A9="", "", SUMIFS( Data!$T:$T, Data!$C:$C, $A9, Data!$Y:$Y, $B9 ) + SUMIFS( Data!$X:$X, Data!$C:$C, $A9, Data!$Y:$Y, $B9 ) ) -> 206 | D9: =IF($A9="", "", SUMIFS( Weekly_Bonus_By_Person!$D:$D, Weekly_Bonus_By_Person!$A:$A, $A9, Weekly_Bonus_By_Person!$C:$C, $B9 ) ) -> 0 | E9: =IF($A9="", "", C9 + D9) -> 206
A10: =IFERROR(__xludf.DUMMYFUNCTION("""COMPUTED_VALUE"""),"Priya Nair") -> Priya Nair | B10: =IFERROR(__xludf.DUMMYFUNCTION("""COMPUTED_VALUE"""),46038.0) -> 46038 | C10: =IF($A10="", "", SUMIFS( Data!$T:$T, Data!$C:$C, $A10, Data!$Y:$Y, $B10 ) + SUMIFS( Data!$X:$X, Data!$C:$C, $A10, Data!$Y:$Y, $B10 ) ) -> 380 | D10: =IF($A10="", "", SUMIFS( Weekly_Bonus_By_Person!$D:$D, Weekly_Bonus_By_Person!$A:$A, $A10, Weekly_Bonus_By_Person!$C:$C, $B10 ) ) -> 0 | E10: =IF($A10="", "", C10 + D10) -> 380
A11: =IFERROR(__xludf.DUMMYFUNCTION("""COMPUTED_VALUE"""),"Ethan Brooks") -> Ethan Brooks | B11: =IFERROR(__xludf.DUMMYFUNCTION("""COMPUTED_VALUE"""),46038.0) -> 46038 | C11: =IF($A11="", "", SUMIFS( Data!$T:$T, Data!$C:$C, $A11, Data!$Y:$Y, $B11 ) + SUMIFS( Data!$X:$X, Data!$C:$C, $A11, Data!$Y:$Y, $B11 ) ) -> 262 | D11: =IF($A11="", "", SUMIFS( Weekly_Bonus_By_Person!$D:$D, Weekly_Bonus_By_Person!$A:$A, $A11, Weekly_Bonus_By_Person!$C:$C, $B11 ) ) -> 0 | E11: =IF($A11="", "", C11 + D11) -> 262
A12: =IFERROR(__xludf.DUMMYFUNCTION("""COMPUTED_VALUE"""),"Fatima Hassan") -> Fatima Hassan | B12: =IFERROR(__xludf.DUMMYFUNCTION("""COMPUTED_VALUE"""),46038.0) -> 46038 | C12: =IF($A12="", "", SUMIFS( Data!$T:$T, Data!$C:$C, $A12, Data!$Y:$Y, $B12 ) + SUMIFS( Data!$X:$X, Data!$C:$C, $A12, Data!$Y:$Y, $B12 ) ) -> 224 | D12: =IF($A12="", "", SUMIFS( Weekly_Bonus_By_Person!$D:$D, Weekly_Bonus_By_Person!$A:$A, $A12, Weekly_Bonus_By_Person!$C:$C, $B12 ) ) -> 0 | E12: =IF($A12="", "", C12 + D12) -> 224
A13: =IFERROR(__xludf.DUMMYFUNCTION("""COMPUTED_VALUE"""),"Noah Levine") -> Noah Levine | B13: =IFERROR(__xludf.DUMMYFUNCTION("""COMPUTED_VALUE"""),46038.0) -> 46038 | C13: =IF($A13="", "", SUMIFS( Data!$T:$T, Data!$C:$C, $A13, Data!$Y:$Y, $B13 ) + SUMIFS( Data!$X:$X, Data!$C:$C, $A13, Data!$Y:$Y, $B13 ) ) -> 210.4 | D13: =IF($A13="", "", SUMIFS( Weekly_Bonus_By_Person!$D:$D, Weekly_Bonus_By_Person!$A:$A, $A13, Weekly_Bonus_By_Person!$C:$C, $B13 ) ) -> 0 | E13: =IF($A13="", "", C13 + D13) -> 210.4
A14: =IFERROR(__xludf.DUMMYFUNCTION("""COMPUTED_VALUE"""),"Grace Nguyen") -> Grace Nguyen | B14: =IFERROR(__xludf.DUMMYFUNCTION("""COMPUTED_VALUE"""),46038.0) -> 46038 | C14: =IF($A14="", "", SUMIFS( Data!$T:$T, Data!$C:$C, $A14, Data!$Y:$Y, $B14 ) + SUMIFS( Data!$X:$X, Data!$C:$C, $A14, Data!$Y:$Y, $B14 ) ) -> 221 | D14: =IF($A14="", "", SUMIFS( Weekly_Bonus_By_Person!$D:$D, Weekly_Bonus_By_Person!$A:$A, $A14, Weekly_Bonus_By_Person!$C:$C, $B14 ) ) -> 0 | E14: =IF($A14="", "", C14 + D14) -> 221
A15: =IFERROR(__xludf.DUMMYFUNCTION("""COMPUTED_VALUE"""),"Alejandro Cruz") -> Alejandro Cruz | B15: =IFERROR(__xludf.DUMMYFUNCTION("""COMPUTED_VALUE"""),46038.0) -> 46038 | C15: =IF($A15="", "", SUMIFS( Data!$T:$T, Data!$C:$C, $A15, Data!$Y:$Y, $B15 ) + SUMIFS( Data!$X:$X, Data!$C:$C, $A15, Data!$Y:$Y, $B15 ) ) -> 213.2 | D15: =IF($A15="", "", SUMIFS( Weekly_Bonus_By_Person!$D:$D, Weekly_Bonus_By_Person!$A:$A, $A15, Weekly_Bonus_By_Person!$C:$C, $B15 ) ) -> 0 | E15: =IF($A15="", "", C15 + D15) -> 213.2
A16: =IFERROR(__xludf.DUMMYFUNCTION("""COMPUTED_VALUE"""),"Aisha Johnson") -> Aisha Johnson | B16: =IFERROR(__xludf.DUMMYFUNCTION("""COMPUTED_VALUE"""),46052.0) -> 46052 | C16: =IF($A16="", "", SUMIFS( Data!$T:$T, Data!$C:$C, $A16, Data!$Y:$Y, $B16 ) + SUMIFS( Data!$X:$X, Data!$C:$C, $A16, Data!$Y:$Y, $B16 ) ) -> 2278.3833 | D16: =IF($A16="", "", SUMIFS( Weekly_Bonus_By_Person!$D:$D, Weekly_Bonus_By_Person!$A:$A, $A16, Weekly_Bonus_By_Person!$C:$C, $B16 ) ) -> 100 | E16: =IF($A16="", "", C16 + D16) -> 2378.3833
A17: =IFERROR(__xludf.DUMMYFUNCTION("""COMPUTED_VALUE"""),"Hannah O’Connor") -> Hannah O’Connor | B17: =IFERROR(__xludf.DUMMYFUNCTION("""COMPUTED_VALUE"""),46052.0) -> 46052 | C17: =IF($A17="", "", SUMIFS( Data!$T:$T, Data!$C:$C, $A17, Data!$Y:$Y, $B17 ) + SUMIFS( Data!$X:$X, Data!$C:$C, $A17, Data!$Y:$Y, $B17 ) ) -> 434 | D17: =IF($A17="", "", SUMIFS( Weekly_Bonus_By_Person!$D:$D, Weekly_Bonus_By_Person!$A:$A, $A17, Weekly_Bonus_By_Person!$C:$C, $B17 ) ) -> 0 | E17: =IF($A17="", "", C17 + D17) -> 434
A18: =IFERROR(__xludf.DUMMYFUNCTION("""COMPUTED_VALUE"""),"Jamal Washington") -> Jamal Washington | B18: =IFERROR(__xludf.DUMMYFUNCTION("""COMPUTED_VALUE"""),46052.0) -> 46052 | C18: =IF($A18="", "", SUMIFS( Data!$T:$T, Data!$C:$C, $A18, Data!$Y:$Y, $B18 ) + SUMIFS( Data!$X:$X, Data!$C:$C, $A18, Data!$Y:$Y, $B18 ) ) -> 1046 | D18: =IF($A18="", "", SUMIFS( Weekly_Bonus_By_Person!$D:$D, Weekly_Bonus_By_Person!$A:$A, $A18, Weekly_Bonus_By_Person!$C:$C, $B18 ) ) -> 0 | E18: =IF($A18="", "", C18 + D18) -> 1046
A19: =IFERROR(__xludf.DUMMYFUNCTION("""COMPUTED_VALUE"""),"Linh Tran") -> Linh Tran | B19: =IFERROR(__xludf.DUMMYFUNCTION("""COMPUTED_VALUE"""),46052.0) -> 46052 | C19: =IF($A19="", "", SUMIFS( Data!$T:$T, Data!$C:$C, $A19, Data!$Y:$Y, $B19 ) + SUMIFS( Data!$X:$X, Data!$C:$C, $A19, Data!$Y:$Y, $B19 ) ) -> 246 | D19: =IF($A19="", "", SUMIFS( Weekly_Bonus_By_Person!$D:$D, Weekly_Bonus_By_Person!$A:$A, $A19, Weekly_Bonus_By_Person!$C:$C, $B19 ) ) -> 0 | E19: =IF($A19="", "", C19 + D19) -> 246
A20: =IFERROR(__xludf.DUMMYFUNCTION("""COMPUTED_VALUE"""),"Olivia Bennett") -> Olivia Bennett | B20: =IFERROR(__xludf.DUMMYFUNCTION("""COMPUTED_VALUE"""),46052.0) -> 46052 | C20: =IF($A20="", "", SUMIFS( Data!$T:$T, Data!$C:$C, $A20, Data!$Y:$Y, $B20 ) + SUMIFS( Data!$X:$X, Data!$C:$C, $A20, Data!$Y:$Y, $B20 ) ) -> 610 | D20: =IF($A20="", "", SUMIFS( Weekly_Bonus_By_Person!$D:$D, Weekly_Bonus_By_Person!$A:$A, $A20, Weekly_Bonus_By_Person!$C:$C, $B20 ) ) -> 0 | E20: =IF($A20="", "", C20 + D20) -> 610
A21: =IFERROR(__xludf.DUMMYFUNCTION("""COMPUTED_VALUE"""),"Rohan Mehta") -> Rohan Mehta | B21: =IFERROR(__xludf.DUMMYFUNCTION("""COMPUTED_VALUE"""),46052.0) -> 46052 | C21: =IF($A21="", "", SUMIFS( Data!$T:$T, Data!$C:$C, $A21, Data!$Y:$Y, $B21 ) + SUMIFS( Data!$X:$X, Data!$C:$C, $A21, Data!$Y:$Y, $B21 ) ) -> 556.8 | D21: =IF($A21="", "", SUMIFS( Weekly_Bonus_By_Person!$D:$D, Weekly_Bonus_By_Person!$A:$A, $A21, Weekly_Bonus_By_Person!$C:$C, $B21 ) ) -> 0 | E21: =IF($A21="", "", C21 + D21) -> 556.8
A22: =IFERROR(__xludf.DUMMYFUNCTION("""COMPUTED_VALUE"""),"Isabella Flores") -> Isabella Flores | B22: =IFERROR(__xludf.DUMMYFUNCTION("""COMPUTED_VALUE"""),46052.0) -> 46052 | C22: =IF($A22="", "", SUMIFS( Data!$T:$T, Data!$C:$C, $A22, Data!$Y:$Y, $B22 ) + SUMIFS( Data!$X:$X, Data!$C:$C, $A22, Data!$Y:$Y, $B22 ) ) -> 1021.2 | D22: =IF($A22="", "", SUMIFS( Weekly_Bonus_By_Person!$D:$D, Weekly_Bonus_By_Person!$A:$A, $A22, Weekly_Bonus_By_Person!$C:$C, $B22 ) ) -> 100 | E22: =IF($A22="", "", C22 + D22) -> 1121.2
A23: =IFERROR(__xludf.DUMMYFUNCTION("""COMPUTED_VALUE"""),"Maya Patel") -> Maya Patel | B23: =IFERROR(__xludf.DUMMYFUNCTION("""COMPUTED_VALUE"""),46052.0) -> 46052 | C23: =IF($A23="", "", SUMIFS( Data!$T:$T, Data!$C:$C, $A23, Data!$Y:$Y, $B23 ) + SUMIFS( Data!$X:$X, Data!$C:$C, $A23, Data!$Y:$Y, $B23 ) ) -> 2345.55 | D23: =IF($A23="", "", SUMIFS( Weekly_Bonus_By_Person!$D:$D, Weekly_Bonus_By_Person!$A:$A, $A23, Weekly_Bonus_By_Person!$C:$C, $B23 ) ) -> 250 | E23: =IF($A23="", "", C23 + D23) -> 2595.55
A24: =IFERROR(__xludf.DUMMYFUNCTION("""COMPUTED_VALUE"""),"Alejandro Cruz") -> Alejandro Cruz | B24: =IFERROR(__xludf.DUMMYFUNCTION("""COMPUTED_VALUE"""),46052.0) -> 46052 | C24: =IF($A24="", "", SUMIFS( Data!$T:$T, Data!$C:$C, $A24, Data!$Y:$Y, $B24 ) + SUMIFS( Data!$X:$X, Data!$C:$C, $A24, Data!$Y:$Y, $B24 ) ) -> 1312 | D24: =IF($A24="", "", SUMIFS( Weekly_Bonus_By_Person!$D:$D, Weekly_Bonus_By_Person!$A:$A, $A24, Weekly_Bonus_By_Person!$C:$C, $B24 ) ) -> 100 | E24: =IF($A24="", "", C24 + D24) -> 1412
A25: =IFERROR(__xludf.DUMMYFUNCTION("""COMPUTED_VALUE"""),"Samuel Wright") -> Samuel Wright | B25: =IFERROR(__xludf.DUMMYFUNCTION("""COMPUTED_VALUE"""),46052.0) -> 46052 | C25: =IF($A25="", "", SUMIFS( Data!$T:$T, Data!$C:$C, $A25, Data!$Y:$Y, $B25 ) + SUMIFS( Data!$X:$X, Data!$C:$C, $A25, Data!$Y:$Y, $B25 ) ) -> 745.2 | D25: =IF($A25="", "", SUMIFS( Weekly_Bonus_By_Person!$D:$D, Weekly_Bonus_By_Person!$A:$A, $A25, Weekly_Bonus_By_Person!$C:$C, $B25 ) ) -> 0 | E25: =IF($A25="", "", C25 + D25) -> 745.2
A26: =IFERROR(__xludf.DUMMYFUNCTION("""COMPUTED_VALUE"""),"Caleb Robinson") -> Caleb Robinson | B26: =IFERROR(__xludf.DUMMYFUNCTION("""COMPUTED_VALUE"""),46052.0) -> 46052 | C26: =IF($A26="", "", SUMIFS( Data!$T:$T, Data!$C:$C, $A26, Data!$Y:$Y, $B26 ) + SUMIFS( Data!$X:$X, Data!$C:$C, $A26, Data!$Y:$Y, $B26 ) ) -> 260 | D26: =IF($A26="", "", SUMIFS( Weekly_Bonus_By_Person!$D:$D, Weekly_Bonus_By_Person!$A:$A, $A26, Weekly_Bonus_By_Person!$C:$C, $B26 ) ) -> 0 | E26: =IF($A26="", "", C26 + D26) -> 260
A27: =IFERROR(__xludf.DUMMYFUNCTION("""COMPUTED_VALUE"""),"Grace Nguyen") -> Grace Nguyen | B27: =IFERROR(__xludf.DUMMYFUNCTION("""COMPUTED_VALUE"""),46052.0) -> 46052 | C27: =IF($A27="", "", SUMIFS( Data!$T:$T, Data!$C:$C, $A27, Data!$Y:$Y, $B27 ) + SUMIFS( Data!$X:$X, Data!$C:$C, $A27, Data!$Y:$Y, $B27 ) ) -> 1989.4333 | D27: =IF($A27="", "", SUMIFS( Weekly_Bonus_By_Person!$D:$D, Weekly_Bonus_By_Person!$A:$A, $A27, Weekly_Bonus_By_Person!$C:$C, $B27 ) ) -> 150 | E27: =IF($A27="", "", C27 + D27) -> 2139.4333
A28: =IFERROR(__xludf.DUMMYFUNCTION("""COMPUTED_VALUE"""),"Sofia Martinez") -> Sofia Martinez | B28: =IFERROR(__xludf.DUMMYFUNCTION("""COMPUTED_VALUE"""),46052.0) -> 46052 | C28: =IF($A28="", "", SUMIFS( Data!$T:$T, Data!$C:$C, $A28, Data!$Y:$Y, $B28 ) + SUMIFS( Data!$X:$X, Data!$C:$C, $A28, Data!$Y:$Y, $B28 ) ) -> 186.8 | D28: =IF($A28="", "", SUMIFS( Weekly_Bonus_By_Person!$D:$D, Weekly_Bonus_By_Person!$A:$A, $A28, Weekly_Bonus_By_Person!$C:$C, $B28 ) ) -> 0 | E28: =IF($A28="", "", C28 + D28) -> 186.8
A29: =IFERROR(__xludf.DUMMYFUNCTION("""COMPUTED_VALUE"""),"Zainab Ali") -> Zainab Ali | B29: =IFERROR(__xludf.DUMMYFUNCTION("""COMPUTED_VALUE"""),46052.0) -> 46052 | C29: =IF($A29="", "", SUMIFS( Data!$T:$T, Data!$C:$C, $A29, Data!$Y:$Y, $B29 ) + SUMIFS( Data!$X:$X, Data!$C:$C, $A29, Data!$Y:$Y, $B29 ) ) -> 801.16667 | D29: =IF($A29="", "", SUMIFS( Weekly_Bonus_By_Person!$D:$D, Weekly_Bonus_By_Person!$A:$A, $A29, Weekly_Bonus_By_Person!$C:$C, $B29 ) ) -> 0 | E29: =IF($A29="", "", C29 + D29) -> 801.16667
A30: =IFERROR(__xludf.DUMMYFUNCTION("""COMPUTED_VALUE"""),"Ethan Brooks") -> Ethan Brooks | B30: =IFERROR(__xludf.DUMMYFUNCTION("""COMPUTED_VALUE"""),46052.0) -> 46052 | C30: =IF($A30="", "", SUMIFS( Data!$T:$T, Data!$C:$C, $A30, Data!$Y:$Y, $B30 ) + SUMIFS( Data!$X:$X, Data!$C:$C, $A30, Data!$Y:$Y, $B30 ) ) -> 1312.7333 | D30: =IF($A30="", "", SUMIFS( Weekly_Bonus_By_Person!$D:$D, Weekly_Bonus_By_Person!$A:$A, $A30, Weekly_Bonus_By_Person!$C:$C, $B30 ) ) -> 0 | E30: =IF($A30="", "", C30 + D30) -> 1312.7333
A31: =IFERROR(__xludf.DUMMYFUNCTION("""COMPUTED_VALUE"""),"Fatima Hassan") -> Fatima Hassan | B31: =IFERROR(__xludf.DUMMYFUNCTION("""COMPUTED_VALUE"""),46052.0) -> 46052 | C31: =IF($A31="", "", SUMIFS( Data!$T:$T, Data!$C:$C, $A31, Data!$Y:$Y, $B31 ) + SUMIFS( Data!$X:$X, Data!$C:$C, $A31, Data!$Y:$Y, $B31 ) ) -> 1650.6667 | D31: =IF($A31="", "", SUMIFS( Weekly_Bonus_By_Person!$D:$D, Weekly_Bonus_By_Person!$A:$A, $A31, Weekly_Bonus_By_Person!$C:$C, $B31 ) ) -> 100 | E31: =IF($A31="", "", C31 + D31) -> 1750.6667
A32: =IFERROR(__xludf.DUMMYFUNCTION("""COMPUTED_VALUE"""),"Marcus Thompson") -> Marcus Thompson | B32: =IFERROR(__xludf.DUMMYFUNCTION("""COMPUTED_VALUE"""),46052.0) -> 46052 | C32: =IF($A32="", "", SUMIFS( Data!$T:$T, Data!$C:$C, $A32, Data!$Y:$Y, $B32 ) + SUMIFS( Data!$X:$X, Data!$C:$C, $A32, Data!$Y:$Y, $B32 ) ) -> 886.9 | D32: =IF($A32="", "", SUMIFS( Weekly_Bonus_By_Person!$D:$D, Weekly_Bonus_By_Person!$A:$A, $A32, Weekly_Bonus_By_Person!$C:$C, $B32 ) ) -> 0 | E32: =IF($A32="", "", C32 + D32) -> 886.9
A33: =IFERROR(__xludf.DUMMYFUNCTION("""COMPUTED_VALUE"""),"Priya Nair") -> Priya Nair | B33: =IFERROR(__xludf.DUMMYFUNCTION("""COMPUTED_VALUE"""),46052.0) -> 46052 | C33: =IF($A33="", "", SUMIFS( Data!$T:$T, Data!$C:$C, $A33, Data!$Y:$Y, $B33 ) + SUMIFS( Data!$X:$X, Data!$C:$C, $A33, Data!$Y:$Y, $B33 ) ) -> 2114.1 | D33: =IF($A33="", "", SUMIFS( Weekly_Bonus_By_Person!$D:$D, Weekly_Bonus_By_Person!$A:$A, $A33, Weekly_Bonus_By_Person!$C:$C, $B33 ) ) -> 100 | E33: =IF($A33="", "", C33 + D33) -> 2214.1
A34: =IFERROR(__xludf.DUMMYFUNCTION("""COMPUTED_VALUE"""),"Chloe Park") -> Chloe Park | B34: =IFERROR(__xludf.DUMMYFUNCTION("""COMPUTED_VALUE"""),46052.0) -> 46052 | C34: =IF($A34="", "", SUMIFS( Data!$T:$T, Data!$C:$C, $A34, Data!$Y:$Y, $B34 ) + SUMIFS( Data!$X:$X, Data!$C:$C, $A34, Data!$Y:$Y, $B34 ) ) -> 1304.8 | D34: =IF($A34="", "", SUMIFS( Weekly_Bonus_By_Person!$D:$D, Weekly_Bonus_By_Person!$A:$A, $A34, Weekly_Bonus_By_Person!$C:$C, $B34 ) ) -> 0 | E34: =IF($A34="", "", C34 + D34) -> 1304.8
A35: =IFERROR(__xludf.DUMMYFUNCTION("""COMPUTED_VALUE"""),"Emily Chen") -> Emily Chen | B35: =IFERROR(__xludf.DUMMYFUNCTION("""COMPUTED_VALUE"""),46052.0) -> 46052 | C35: =IF($A35="", "", SUMIFS( Data!$T:$T, Data!$C:$C, $A35, Data!$Y:$Y, $B35 ) + SUMIFS( Data!$X:$X, Data!$C:$C, $A35, Data!$Y:$Y, $B35 ) ) -> 786.06667 | D35: =IF($A35="", "", SUMIFS( Weekly_Bonus_By_Person!$D:$D, Weekly_Bonus_By_Person!$A:$A, $A35, Weekly_Bonus_By_Person!$C:$C, $B35 ) ) -> 0 | E35: =IF($A35="", "", C35 + D35) -> 786.06667
A36: =IFERROR(__xludf.DUMMYFUNCTION("""COMPUTED_VALUE"""),"Ahmed El-Sayed") -> Ahmed El-Sayed | B36: =IFERROR(__xludf.DUMMYFUNCTION("""COMPUTED_VALUE"""),46052.0) -> 46052 | C36: =IF($A36="", "", SUMIFS( Data!$T:$T, Data!$C:$C, $A36, Data!$Y:$Y, $B36 ) + SUMIFS( Data!$X:$X, Data!$C:$C, $A36, Data!$Y:$Y, $B36 ) ) -> 1080.4 | D36: =IF($A36="", "", SUMIFS( Weekly_Bonus_By_Person!$D:$D, Weekly_Bonus_By_Person!$A:$A, $A36, Weekly_Bonus_By_Person!$C:$C, $B36 ) ) -> 0 | E36: =IF($A36="", "", C36 + D36) -> 1080.4
A37: =IFERROR(__xludf.DUMMYFUNCTION("""COMPUTED_VALUE"""),"Natalie Rivera") -> Natalie Rivera | B37: =IFERROR(__xludf.DUMMYFUNCTION("""COMPUTED_VALUE"""),46052.0) -> 46052 | C37: =IF($A37="", "", SUMIFS( Data!$T:$T, Data!$C:$C, $A37, Data!$Y:$Y, $B37 ) + SUMIFS( Data!$X:$X, Data!$C:$C, $A37, Data!$Y:$Y, $B37 ) ) -> 390 | D37: =IF($A37="", "", SUMIFS( Weekly_Bonus_By_Person!$D:$D, Weekly_Bonus_By_Person!$A:$A, $A37, Weekly_Bonus_By_Person!$C:$C, $B37 ) ) -> 0 | E37: =IF($A37="", "", C37 + D37) -> 390
A38: =IFERROR(__xludf.DUMMYFUNCTION("""COMPUTED_VALUE"""),"Benjamin Stein") -> Benjamin Stein | B38: =IFERROR(__xludf.DUMMYFUNCTION("""COMPUTED_VALUE"""),46052.0) -> 46052 | C38: =IF($A38="", "", SUMIFS( Data!$T:$T, Data!$C:$C, $A38, Data!$Y:$Y, $B38 ) + SUMIFS( Data!$X:$X, Data!$C:$C, $A38, Data!$Y:$Y, $B38 ) ) -> 1454.4 | D38: =IF($A38="", "", SUMIFS( Weekly_Bonus_By_Person!$D:$D, Weekly_Bonus_By_Person!$A:$A, $A38, Weekly_Bonus_By_Person!$C:$C, $B38 ) ) -> 0 | E38: =IF($A38="", "", C38 + D38) -> 1454.4
A39: =IFERROR(__xludf.DUMMYFUNCTION("""COMPUTED_VALUE"""),"Leila Abdallah") -> Leila Abdallah | B39: =IFERROR(__xludf.DUMMYFUNCTION("""COMPUTED_VALUE"""),46052.0) -> 46052 | C39: =IF($A39="", "", SUMIFS( Data!$T:$T, Data!$C:$C, $A39, Data!$Y:$Y, $B39 ) + SUMIFS( Data!$X:$X, Data!$C:$C, $A39, Data!$Y:$Y, $B39 ) ) -> 72 | D39: =IF($A39="", "", SUMIFS( Weekly_Bonus_By_Person!$D:$D, Weekly_Bonus_By_Person!$A:$A, $A39, Weekly_Bonus_By_Person!$C:$C, $B39 ) ) -> 0 | E39: =IF($A39="", "", C39 + D39) -> 72
A40: =IFERROR(__xludf.DUMMYFUNCTION("""COMPUTED_VALUE"""),"Jordan Williams") -> Jordan Williams | B40: =IFERROR(__xludf.DUMMYFUNCTION("""COMPUTED_VALUE"""),46052.0) -> 46052 | C40: =IF($A40="", "", SUMIFS( Data!$T:$T, Data!$C:$C, $A40, Data!$Y:$Y, $B40 ) + SUMIFS( Data!$X:$X, Data!$C:$C, $A40, Data!$Y:$Y, $B40 ) ) -> 740.85 | D40: =IF($A40="", "", SUMIFS( Weekly_Bonus_By_Person!$D:$D, Weekly_Bonus_By_Person!$A:$A, $A40, Weekly_Bonus_By_Person!$C:$C, $B40 ) ) -> 0 | E40: =IF($A40="", "", C40 + D40) -> 740.85
A41: =IFERROR(__xludf.DUMMYFUNCTION("""COMPUTED_VALUE"""),"Daniel Kim") -> Daniel Kim | B41: =IFERROR(__xludf.DUMMYFUNCTION("""COMPUTED_VALUE"""),46052.0) -> 46052 | C41: =IF($A41="", "", SUMIFS( Data!$T:$T, Data!$C:$C, $A41, Data!$Y:$Y, $B41 ) + SUMIFS( Data!$X:$X, Data!$C:$C, $A41, Data!$Y:$Y, $B41 ) ) -> 1590 | D41: =IF($A41="", "", SUMIFS( Weekly_Bonus_By_Person!$D:$D, Weekly_Bonus_By_Person!$A:$A, $A41, Weekly_Bonus_By_Person!$C:$C, $B41 ) ) -> 0 | E41: =IF($A41="", "", C41 + D41) -> 1590
A42: =IFERROR(__xludf.DUMMYFUNCTION("""COMPUTED_VALUE"""),"David Okafor") -> David Okafor | B42: =IFERROR(__xludf.DUMMYFUNCTION("""COMPUTED_VALUE"""),46052.0) -> 46052 | C42: =IF($A42="", "", SUMIFS( Data!$T:$T, Data!$C:$C, $A42, Data!$Y:$Y, $B42 ) + SUMIFS( Data!$X:$X, Data!$C:$C, $A42, Data!$Y:$Y, $B42 ) ) -> 1176.8 | D42: =IF($A42="", "", SUMIFS( Weekly_Bonus_By_Person!$D:$D, Weekly_Bonus_By_Person!$A:$A, $A42, Weekly_Bonus_By_Person!$C:$C, $B42 ) ) -> 0 | E42: =IF($A42="", "", C42 + D42) -> 1176.8
A43: =IFERROR(__xludf.DUMMYFUNCTION("""COMPUTED_VALUE"""),"Noah Levine") -> Noah Levine | B43: =IFERROR(__xludf.DUMMYFUNCTION("""COMPUTED_VALUE"""),46052.0) -> 46052 | C43: =IF($A43="", "", SUMIFS( Data!$T:$T, Data!$C:$C, $A43, Data!$Y:$Y, $B43 ) + SUMIFS( Data!$X:$X, Data!$C:$C, $A43, Data!$Y:$Y, $B43 ) ) -> 48 | D43: =IF($A43="", "", SUMIFS( Weekly_Bonus_By_Person!$D:$D, Weekly_Bonus_By_Person!$A:$A, $A43, Weekly_Bonus_By_Person!$C:$C, $B43 ) ) -> 0 | E43: =IF($A43="", "", C43 + D43) -> 48
A44: =IFERROR(__xludf.DUMMYFUNCTION("""COMPUTED_VALUE"""),"Julia Kowalski") -> Julia Kowalski | B44: =IFERROR(__xludf.DUMMYFUNCTION("""COMPUTED_VALUE"""),46052.0) -> 46052 | C44: =IF($A44="", "", SUMIFS( Data!$T:$T, Data!$C:$C, $A44, Data!$Y:$Y, $B44 ) + SUMIFS( Data!$X:$X, Data!$C:$C, $A44, Data!$Y:$Y, $B44 ) ) -> 1348 | D44: =IF($A44="", "", SUMIFS( Weekly_Bonus_By_Person!$D:$D, Weekly_Bonus_By_Person!$A:$A, $A44, Weekly_Bonus_By_Person!$C:$C, $B44 ) ) -> 150 | E44: =IF($A44="", "", C44 + D44) -> 1498
A45: =IFERROR(__xludf.DUMMYFUNCTION("""COMPUTED_VALUE"""),"Victor Ivanov") -> Victor Ivanov | B45: =IFERROR(__xludf.DUMMYFUNCTION("""COMPUTED_VALUE"""),46052.0) -> 46052 | C45: =IF($A45="", "", SUMIFS( Data!$T:$T, Data!$C:$C, $A45, Data!$Y:$Y, $B45 ) + SUMIFS( Data!$X:$X, Data!$C:$C, $A45, Data!$Y:$Y, $B45 ) ) -> 734.4 | D45: =IF($A45="", "", SUMIFS( Weekly_Bonus_By_Person!$D:$D, Weekly_Bonus_By_Person!$A:$A, $A45, Weekly_Bonus_By_Person!$C:$C, $B45 ) ) -> 0 | E45: =IF($A45="", "", C45 + D45) -> 734.4
A46: =IFERROR(__xludf.DUMMYFUNCTION("""COMPUTED_VALUE"""),"Amara Mensah") -> Amara Mensah | B46: =IFERROR(__xludf.DUMMYFUNCTION("""COMPUTED_VALUE"""),46052.0) -> 46052 | C46: =IF($A46="", "", SUMIFS( Data!$T:$T, Data!$C:$C, $A46, Data!$Y:$Y, $B46 ) + SUMIFS( Data!$X:$X, Data!$C:$C, $A46, Data!$Y:$Y, $B46 ) ) -> 766.8 | D46: =IF($A46="", "", SUMIFS( Weekly_Bonus_By_Person!$D:$D, Weekly_Bonus_By_Person!$A:$A, $A46, Weekly_Bonus_By_Person!$C:$C, $B46 ) ) -> 0 | E46: =IF($A46="", "", C46 + D46) -> 766.8
A47: =IFERROR(__xludf.DUMMYFUNCTION("""COMPUTED_VALUE"""),"Tyler Price") -> Tyler Price | B47: =IFERROR(__xludf.DUMMYFUNCTION("""COMPUTED_VALUE"""),46052.0) -> 46052 | C47: =IF($A47="", "", SUMIFS( Data!$T:$T, Data!$C:$C, $A47, Data!$Y:$Y, $B47 ) + SUMIFS( Data!$X:$X, Data!$C:$C, $A47, Data!$Y:$Y, $B47 ) ) -> 572.8 | D47: =IF($A47="", "", SUMIFS( Weekly_Bonus_By_Person!$D:$D, Weekly_Bonus_By_Person!$A:$A, $A47, Weekly_Bonus_By_Person!$C:$C, $B47 ) ) -> 0 | E47: =IF($A47="", "", C47 + D47) -> 572.8
A48: =IFERROR(__xludf.DUMMYFUNCTION("""COMPUTED_VALUE"""),"Mei Liu") -> Mei Liu | B48: =IFERROR(__xludf.DUMMYFUNCTION("""COMPUTED_VALUE"""),46052.0) -> 46052 | C48: =IF($A48="", "", SUMIFS( Data!$T:$T, Data!$C:$C, $A48, Data!$Y:$Y, $B48 ) + SUMIFS( Data!$X:$X, Data!$C:$C, $A48, Data!$Y:$Y, $B48 ) ) -> 266 | D48: =IF($A48="", "", SUMIFS( Weekly_Bonus_By_Person!$D:$D, Weekly_Bonus_By_Person!$A:$A, $A48, Weekly_Bonus_By_Person!$C:$C, $B48 ) ) -> 0 | E48: =IF($A48="", "", C48 + D48) -> 266
A49: =IFERROR(__xludf.DUMMYFUNCTION("""COMPUTED_VALUE"""),"Luis Herrera") -> Luis Herrera | B49: =IFERROR(__xludf.DUMMYFUNCTION("""COMPUTED_VALUE"""),46052.0) -> 46052 | C49: =IF($A49="", "", SUMIFS( Data!$T:$T, Data!$C:$C, $A49, Data!$Y:$Y, $B49 ) + SUMIFS( Data!$X:$X, Data!$C:$C, $A49, Data!$Y:$Y, $B49 ) ) -> 486 | D49: =IF($A49="", "", SUMIFS( Weekly_Bonus_By_Person!$D:$D, Weekly_Bonus_By_Person!$A:$A, $A49, Weekly_Bonus_By_Person!$C:$C, $B49 ) ) -> 0 | E49: =IF($A49="", "", C49 + D49) -> 486
A50: =IFERROR(__xludf.DUMMYFUNCTION("""COMPUTED_VALUE"""),"Sarah Ahmed") -> Sarah Ahmed | B50: =IFERROR(__xludf.DUMMYFUNCTION("""COMPUTED_VALUE"""),46052.0) -> 46052 | C50: =IF($A50="", "", SUMIFS( Data!$T:$T, Data!$C:$C, $A50, Data!$Y:$Y, $B50 ) + SUMIFS( Data!$X:$X, Data!$C:$C, $A50, Data!$Y:$Y, $B50 ) ) -> 210 | D50: =IF($A50="", "", SUMIFS( Weekly_Bonus_By_Person!$D:$D, Weekly_Bonus_By_Person!$A:$A, $A50, Weekly_Bonus_By_Person!$C:$C, $B50 ) ) -> 0 | E50: =IF($A50="", "", C50 + D50) -> 210
A51: =IFERROR(__xludf.DUMMYFUNCTION("""COMPUTED_VALUE"""),"Kevin Murphy") -> Kevin Murphy | B51: =IFERROR(__xludf.DUMMYFUNCTION("""COMPUTED_VALUE"""),46052.0) -> 46052 | C51: =IF($A51="", "", SUMIFS( Data!$T:$T, Data!$C:$C, $A51, Data!$Y:$Y, $B51 ) + SUMIFS( Data!$X:$X, Data!$C:$C, $A51, Data!$Y:$Y, $B51 ) ) -> 843.1 | D51: =IF($A51="", "", SUMIFS( Weekly_Bonus_By_Person!$D:$D, Weekly_Bonus_By_Person!$A:$A, $A51, Weekly_Bonus_By_Person!$C:$C, $B51 ) ) -> 0 | E51: =IF($A51="", "", C51 + D51) -> 843.1
A52: =IFERROR(__xludf.DUMMYFUNCTION("""COMPUTED_VALUE"""),"Anika Singh") -> Anika Singh | B52: =IFERROR(__xludf.DUMMYFUNCTION("""COMPUTED_VALUE"""),46052.0) -> 46052 | C52: =IF($A52="", "", SUMIFS( Data!$T:$T, Data!$C:$C, $A52, Data!$Y:$Y, $B52 ) + SUMIFS( Data!$X:$X, Data!$C:$C, $A52, Data!$Y:$Y, $B52 ) ) -> 839.6 | D52: =IF($A52="", "", SUMIFS( Weekly_Bonus_By_Person!$D:$D, Weekly_Bonus_By_Person!$A:$A, $A52, Weekly_Bonus_By_Person!$C:$C, $B52 ) ) -> 0 | E52: =IF($A52="", "", C52 + D52) -> 839.6
A53: =IFERROR(__xludf.DUMMYFUNCTION("""COMPUTED_VALUE"""),"Jacob Anderson") -> Jacob Anderson | B53: =IFERROR(__xludf.DUMMYFUNCTION("""COMPUTED_VALUE"""),46052.0) -> 46052 | C53: =IF($A53="", "", SUMIFS( Data!$T:$T, Data!$C:$C, $A53, Data!$Y:$Y, $B53 ) + SUMIFS( Data!$X:$X, Data!$C:$C, $A53, Data!$Y:$Y, $B53 ) ) -> 854.7 | D53: =IF($A53="", "", SUMIFS( Weekly_Bonus_By_Person!$D:$D, Weekly_Bonus_By_Person!$A:$A, $A53, Weekly_Bonus_By_Person!$C:$C, $B53 ) ) -> 0 | E53: =IF($A53="", "", C53 + D53) -> 854.7
A54: =IFERROR(__xludf.DUMMYFUNCTION("""COMPUTED_VALUE"""),"Rebecca Goldstein") -> Rebecca Goldstein | B54: =IFERROR(__xludf.DUMMYFUNCTION("""COMPUTED_VALUE"""),46052.0) -> 46052 | C54: =IF($A54="", "", SUMIFS( Data!$T:$T, Data!$C:$C, $A54, Data!$Y:$Y, $B54 ) + SUMIFS( Data!$X:$X, Data!$C:$C, $A54, Data!$Y:$Y, $B54 ) ) -> 342 | D54: =IF($A54="", "", SUMIFS( Weekly_Bonus_By_Person!$D:$D, Weekly_Bonus_By_Person!$A:$A, $A54, Weekly_Bonus_By_Person!$C:$C, $B54 ) ) -> 0 | E54: =IF($A54="", "", C54 + D54) -> 342
A55: =IFERROR(__xludf.DUMMYFUNCTION("""COMPUTED_VALUE"""),"Nia Brown") -> Nia Brown | B55: =IFERROR(__xludf.DUMMYFUNCTION("""COMPUTED_VALUE"""),46052.0) -> 46052 | C55: =IF($A55="", "", SUMIFS( Data!$T:$T, Data!$C:$C, $A55, Data!$Y:$Y, $B55 ) + SUMIFS( Data!$X:$X, Data!$C:$C, $A55, Data!$Y:$Y, $B55 ) ) -> 563.6 | D55: =IF($A55="", "", SUMIFS( Weekly_Bonus_By_Person!$D:$D, Weekly_Bonus_By_Person!$A:$A, $A55, Weekly_Bonus_By_Person!$C:$C, $B55 ) ) -> 0 | E55: =IF($A55="", "", C55 + D55) -> 563.6
A56: =IFERROR(__xludf.DUMMYFUNCTION("""COMPUTED_VALUE"""),"Michael Sullivan") -> Michael Sullivan | B56: =IFERROR(__xludf.DUMMYFUNCTION("""COMPUTED_VALUE"""),46052.0) -> 46052 | C56: =IF($A56="", "", SUMIFS( Data!$T:$T, Data!$C:$C, $A56, Data!$Y:$Y, $B56 ) + SUMIFS( Data!$X:$X, Data!$C:$C, $A56, Data!$Y:$Y, $B56 ) ) -> 24 | D56: =IF($A56="", "", SUMIFS( Weekly_Bonus_By_Person!$D:$D, Weekly_Bonus_By_Person!$A:$A, $A56, Weekly_Bonus_By_Person!$C:$C, $B56 ) ) -> 0 | E56: =IF($A56="", "", C56 + D56) -> 24
A57: =IFERROR(__xludf.DUMMYFUNCTION("""COMPUTED_VALUE"""),"Yara Haddad") -> Yara Haddad | B57: =IFERROR(__xludf.DUMMYFUNCTION("""COMPUTED_VALUE"""),46052.0) -> 46052 | C57: =IF($A57="", "", SUMIFS( Data!$T:$T, Data!$C:$C, $A57, Data!$Y:$Y, $B57 ) + SUMIFS( Data!$X:$X, Data!$C:$C, $A57, Data!$Y:$Y, $B57 ) ) -> 403.2 | D57: =IF($A57="", "", SUMIFS( Weekly_Bonus_By_Person!$D:$D, Weekly_Bonus_By_Person!$A:$A, $A57, Weekly_Bonus_By_Person!$C:$C, $B57 ) ) -> 0 | E57: =IF($A57="", "", C57 + D57) -> 403.2
A58: =IFERROR(__xludf.DUMMYFUNCTION("""COMPUTED_VALUE"""),"José Alvarez") -> José Alvarez | B58: =IFERROR(__xludf.DUMMYFUNCTION("""COMPUTED_VALUE"""),46052.0) -> 46052 | C58: =IF($A58="", "", SUMIFS( Data!$T:$T, Data!$C:$C, $A58, Data!$Y:$Y, $B58 ) + SUMIFS( Data!$X:$X, Data!$C:$C, $A58, Data!$Y:$Y, $B58 ) ) -> 472.8 | D58: =IF($A58="", "", SUMIFS( Weekly_Bonus_By_Person!$D:$D, Weekly_Bonus_By_Person!$A:$A, $A58, Weekly_Bonus_By_Person!$C:$C, $B58 ) ) -> 0 | E58: =IF($A58="", "", C58 + D58) -> 472.8
A59: =IFERROR(__xludf.DUMMYFUNCTION("""COMPUTED_VALUE"""),"Brittany Scott") -> Brittany Scott | B59: =IFERROR(__xludf.DUMMYFUNCTION("""COMPUTED_VALUE"""),46052.0) -> 46052 | C59: =IF($A59="", "", SUMIFS( Data!$T:$T, Data!$C:$C, $A59, Data!$Y:$Y, $B59 ) + SUMIFS( Data!$X:$X, Data!$C:$C, $A59, Data!$Y:$Y, $B59 ) ) -> 400 | D59: =IF($A59="", "", SUMIFS( Weekly_Bonus_By_Person!$D:$D, Weekly_Bonus_By_Person!$A:$A, $A59, Weekly_Bonus_By_Person!$C:$C, $B59 ) ) -> 0 | E59: =IF($A59="", "", C59 + D59) -> 400
A60: =IFERROR(__xludf.DUMMYFUNCTION("""COMPUTED_VALUE"""),"Kofi Boateng") -> Kofi Boateng | B60: =IFERROR(__xludf.DUMMYFUNCTION("""COMPUTED_VALUE"""),46052.0) -> 46052 | C60: =IF($A60="", "", SUMIFS( Data!$T:$T, Data!$C:$C, $A60, Data!$Y:$Y, $B60 ) + SUMIFS( Data!$X:$X, Data!$C:$C, $A60, Data!$Y:$Y, $B60 ) ) -> 443.6 | D60: =IF($A60="", "", SUMIFS( Weekly_Bonus_By_Person!$D:$D, Weekly_Bonus_By_Person!$A:$A, $A60, Weekly_Bonus_By_Person!$C:$C, $B60 ) ) -> 0 | E60: =IF($A60="", "", C60 + D60) -> 443.6
A61: =IFERROR(__xludf.DUMMYFUNCTION("""COMPUTED_VALUE"""),"Julia Kowalski") -> Julia Kowalski | B61: =IFERROR(__xludf.DUMMYFUNCTION("""COMPUTED_VALUE"""),46066.0) -> 46066 | C61: =IF($A61="", "", SUMIFS( Data!$T:$T, Data!$C:$C, $A61, Data!$Y:$Y, $B61 ) + SUMIFS( Data!$X:$X, Data!$C:$C, $A61, Data!$Y:$Y, $B61 ) ) -> 181.66667 | D61: =IF($A61="", "", SUMIFS( Weekly_Bonus_By_Person!$D:$D, Weekly_Bonus_By_Person!$A:$A, $A61, Weekly_Bonus_By_Person!$C:$C, $B61 ) ) -> 0 | E61: =IF($A61="", "", C61 + D61) -> 181.66667
A62: =IFERROR(__xludf.DUMMYFUNCTION("""COMPUTED_VALUE"""),"Jordan Williams") -> Jordan Williams | B62: =IFERROR(__xludf.DUMMYFUNCTION("""COMPUTED_VALUE"""),46066.0) -> 46066 | C62: =IF($A62="", "", SUMIFS( Data!$T:$T, Data!$C:$C, $A62, Data!$Y:$Y, $B62 ) + SUMIFS( Data!$X:$X, Data!$C:$C, $A62, Data!$Y:$Y, $B62 ) ) -> 262.5 | D62: =IF($A62="", "", SUMIFS( Weekly_Bonus_By_Person!$D:$D, Weekly_Bonus_By_Person!$A:$A, $A62, Weekly_Bonus_By_Person!$C:$C, $B62 ) ) -> 0 | E62: =IF($A62="", "", C62 + D62) -> 262.5
A63: =IFERROR(__xludf.DUMMYFUNCTION("""COMPUTED_VALUE"""),"Fatima Hassan") -> Fatima Hassan | B63: =IFERROR(__xludf.DUMMYFUNCTION("""COMPUTED_VALUE"""),46066.0) -> 46066 | C63: =IF($A63="", "", SUMIFS( Data!$T:$T, Data!$C:$C, $A63, Data!$Y:$Y, $B63 ) + SUMIFS( Data!$X:$X, Data!$C:$C, $A63, Data!$Y:$Y, $B63 ) ) -> 172.5 | D63: =IF($A63="", "", SUMIFS( Weekly_Bonus_By_Person!$D:$D, Weekly_Bonus_By_Person!$A:$A, $A63, Weekly_Bonus_By_Person!$C:$C, $B63 ) ) -> 0 | E63: =IF($A63="", "", C63 + D63) -> 172.5
A64: =IFERROR(__xludf.DUMMYFUNCTION("""COMPUTED_VALUE"""),"Ethan Brooks") -> Ethan Brooks | B64: =IFERROR(__xludf.DUMMYFUNCTION("""COMPUTED_VALUE"""),46066.0) -> 46066 | C64: =IF($A64="", "", SUMIFS( Data!$T:$T, Data!$C:$C, $A64, Data!$Y:$Y, $B64 ) + SUMIFS( Data!$X:$X, Data!$C:$C, $A64, Data!$Y:$Y, $B64 ) ) -> 165.41667 | D64: =IF($A64="", "", SUMIFS( Weekly_Bonus_By_Person!$D:$D, Weekly_Bonus_By_Person!$A:$A, $A64, Weekly_Bonus_By_Person!$C:$C, $B64 ) ) -> 0 | E64: =IF($A64="", "", C64 + D64) -> 165.41667
A65: =IFERROR(__xludf.DUMMYFUNCTION("""COMPUTED_VALUE"""),"Kevin Murphy") -> Kevin Murphy | B65: =IFERROR(__xludf.DUMMYFUNCTION("""COMPUTED_VALUE"""),46066.0) -> 46066 | C65: =IF($A65="", "", SUMIFS( Data!$T:$T, Data!$C:$C, $A65, Data!$Y:$Y, $B65 ) + SUMIFS( Data!$X:$X, Data!$C:$C, $A65, Data!$Y:$Y, $B65 ) ) -> 187.5 | D65: =IF($A65="", "", SUMIFS( Weekly_Bonus_By_Person!$D:$D, Weekly_Bonus_By_Person!$A:$A, $A65, Weekly_Bonus_By_Person!$C:$C, $B65 ) ) -> 0 | E65: =IF($A65="", "", C65 + D65) -> 187.5
